UC2_Literal,Report Number,Report Date,Location,Beat,Neigborhood,NPU,Lat,Long
LARCENY-FROM VEHICLE,170170060,1/17/17,1055 BRADY AVE NW,501,Home Park,E,33.78453,-84.41478
LARCENY-FROM VEHICLE,170170558,1/17/17,1434 AVON AVE SW,403,Venetian Hills,S,33.72214,-84.43495
BURGLARY-RESIDENCE,170151100,1/16/17,120 PARK AVE SE,305,South Atlanta,Y,33.7118,-84.38684
ROBBERY-PEDESTRIAN,170160001,1/16/17,954 SAINT CHARLES AVE NE,601,Virginia Highland,F,33.77579,-84.35622
ROBBERY-PEDESTRIAN,170160059,1/16/17,185 MONTAG CIR NE,602,Inman Park,N,33.76013,-84.36218
LARCENY-FROM VEHICLE,170160108,1/16/17,3335 MARTIN LUTHER KING DR SW,408,Downtown,M,33.75895,-84.3834
ROBBERY-PEDESTRIAN,170160116,1/16/17,3200 LATONA DR SW @APS LONG MS,312,Glenrose Heights,Z,33.66668,-84.39526
LARCENY-NON VEHICLE,170160141,1/16/17,1950 HOSEA L WILLIAMS DR NE,610,Kirkwood,O,33.75255,-84.32375
LARCENY-FROM VEHICLE,170160187,1/16/17,360 MARIETTA ST NW,507,Downtown,M,33.76269,-84.39702
AUTO THEFT,170160382,1/16/17,657 WOODS DR NW,109,Center Hill,J,33.77281,-84.46796
LARCENY-FROM VEHICLE,170160410,1/16/17,9TH ST NW / WATKINS ST NW,501,Home Park,E,33.78061,-84.40916
LARCENY-FROM VEHICLE,170160420,1/16/17,1821 W ANDERSON AVE NW @SADIE G MAYS REHAB,108,Dixie Hills,J,33.75533,-84.44742
LARCENY-FROM VEHICLE,170160499,1/16/17,407 COLLIER RIDGE DR NW,112,Collier Heights,I,33.76629,-84.47629
LARCENY-FROM VEHICLE,170160515,1/16/17,2060 BAKER RD NW,107,Grove Park,J,33.76994,-84.45512
ROBBERY-PEDESTRIAN,170160533,1/16/17,2537 PIEDMONT RD NE,211,Lindbergh/Morosgo,B,33.82403,-84.36328
AUTO THEFT,170160583,1/16/17,1821 W ANDERSON AVE NW @SADIE G MAYS REHAB,108,Dixie Hills,J,33.75533,-84.44742
LARCENY-FROM VEHICLE,170160676,1/16/17,200 14TH ST NW,501,Home Park,E,33.7865,-84.39366
BURGLARY-RESIDENCE,170160705,1/16/17,585 MCWILLIAMS RD SE,310,Browns Mill Park,Z,33.6887,-84.36924
AUTO THEFT,170160713,1/16/17,2351 ADAMS DR NW,203,Bolton,D,33.82005,-84.45433
LARCENY-NON VEHICLE,170160718,1/16/17,1786 MEADOW LN SW,307,Betmar LaVilla,Y,33.70621,-84.39876
LARCENY-NON VEHICLE,170160804,1/16/17,200 FORSYTH ST SW,512,Downtown,M,33.74891,-84.39596
AUTO THEFT,170160812,1/16/17,2350 CHESHIRE BRIDGE RD NE     ,212,Lindridge/Martin Manor,F,33.8195,-84.35199
LARCENY-FROM VEHICLE,170160863,1/16/17,551 BOULEVARD SE,605,Grant Park,W,33.73945,-84.36826
LARCENY-FROM VEHICLE,170160942,1/16/17,1230 BRONX ST NW,105,Hunter Hills,K,33.75736,-84.42795
LARCENY-NON VEHICLE,170161013,1/16/17,2009 JONESBORO RD SE,307,Lakewood Heights,Y,33.70774,-84.37884
LARCENY-NON VEHICLE,170161090,1/16/17,1275 CAROLINE ST NE @TARGET - CAROLINE,609,Edgewood,O,33.75674,-84.34619
AUTO THEFT,170161228,1/16/17,794 N HIGHLAND AVE NE,601,Virginia Highland,F,33.77614,-84.35269
LARCENY-NON VEHICLE,170161292,1/16/17,994 DEKALB AVE NE,602,Inman Park,N,33.75594,-84.35517
LARCENY-FROM VEHICLE,170161419,1/16/17,600 ARNOLD ST NE,603,Old Fourth Ward,M,33.77022,-84.36904
LARCENY-NON VEHICLE,170161468,1/16/17,743 BONAVENTURE AVE NE,601,Virginia Highland,F,33.77485,-84.36069
LARCENY-FROM VEHICLE,170161646,1/16/17,2331 PEACHTREE RD NE,211,Peachtree Hills,B,33.81831,-84.38853
LARCENY-FROM VEHICLE,170161705,1/16/17,3167 PEACHTREE RD NE,206,Buckhead Village,B,33.84031,-84.37588
ROBBERY-PEDESTRIAN,170161735,1/16/17,1270 W PEACHTREE ST NW,502,Midtown,E,33.7892,-84.38789
AUTO THEFT,170161805,1/16/17,990 STATE ST NW @ PAPA JOHNS,501,Home Park,E,33.78172,-84.39923
LARCENY-NON VEHICLE,170161849,1/16/17,2539 PIEDMONT RD NE,211,Lindbergh/Morosgo,B,33.82403,-84.36328
LARCENY-FROM VEHICLE,170161862,1/16/17,86 DANIEL ST SE,604,Old Fourth Ward,M,33.75197,-84.37016
LARCENY-FROM VEHICLE,170161891,1/16/17,2400 PARKLAND DR NE,211,Lindbergh/Morosgo,B,33.82006,-84.36502
LARCENY-NON VEHICLE,170161940,1/16/17,3377 PEACHTREE RD NE,210,Lenox,B,33.84779,-84.36633
LARCENY-NON VEHICLE,170161967,1/16/17,240 PEACHTREE ST NW ,508,Downtown,M,33.76056,-84.38835
LARCENY-FROM VEHICLE,170161996,1/16/17,1025 HOWELL MILL RD NW,501,Home Park,E,33.78285,-84.41126
BURGLARY-RESIDENCE,170162005,1/16/17,3000 STONE HOGAN CONN SW,411,Greenbriar,R,33.67424,-84.49697
AUTO THEFT,170162023,1/16/17,3160 GREENBRIAR PKWY SW,411,Greenbriar,R,33.68593,-84.49685
LARCENY-FROM VEHICLE,170162026,1/16/17,2535 ACORN AVE NE,206,Garden Hills,B,33.82444,-84.37818
LARCENY-FROM VEHICLE,170162109,1/16/17,907 MARIETTA ST NW,504,Marietta Street Artery,E,33.77714,-84.40791
LARCENY-FROM VEHICLE,170162115,1/16/17,1587 HOWELL MILL RD NW,207,Berkeley Park,D,33.79835,-84.41575
AUTO THEFT,170162176,1/16/17,3000 CONTINENTAL COLONY PKWY SW,411,Greenbriar,R,33.68077,-84.4937
LARCENY-FROM VEHICLE,170162184,1/16/17,682 GARIBALDI ST SW,303,Mechanicsville,V,33.73631,-84.39903
AUTO THEFT,170162202,1/16/17,2115 PIEDMONT RD NE @SQUIRE INN MOTEL NE,212,Morningside/Lenox Park,F,33.81235,-84.36578
LARCENY-FROM VEHICLE,170162248,1/16/17,1065 PEACHTREE ST NE,503,Midtown,E,33.78363,-84.38295
BURGLARY-RESIDENCE,170162297,1/16/17,1754 RICHMOND CIR SE,307,Lakewood Heights,Y,33.70698,-84.3745
AUTO THEFT,170150079,1/15/17,3040 WATERS RD SW,312,Glenrose Heights,Z,33.67152,-84.39618
ROBBERY-PEDESTRIAN,170150177,1/15/17,503 GARTRELL ST SE,604,Old Fourth Ward,M,33.75279,-84.37091
BURGLARY-RESIDENCE,170150282,1/15/17,1444 DESOTO AVE SW,301,Capitol View,X,33.7154,-84.41162
LARCENY-NON VEHICLE,170150297,1/15/17,566 AMAL DR SW,307,Amal Heights,Y,33.70923,-84.39991
BURGLARY-RESIDENCE,170150348,1/15/17,1401 W PACES FERRY RD NW,201,Paces,A,33.84869,-84.43182
LARCENY-FROM VEHICLE,170150352,1/15/17,650 BLUFF ST SW,303,Adair Park,V,33.73909,-84.40886
BURGLARY-RESIDENCE,170150389,1/15/17,2274 TIGER FLOWERS DR NW,108,Dixie Hills,J,33.76075,-84.46205
AGG ASSAULT,170150400,1/15/17,136 PEACHTREE MEMORIAL DR NW,205,,C,33.81671,-84.39535
AGG ASSAULT,170150411,1/15/17,180 PEYTON PL SW,405,Florida Heights,I,33.74918,-84.46852
BURGLARY-NONRES,170150536,1/15/17,1580 FLAT SHOALS RD SE,612,East Atlanta,W,33.7308,-84.33626
LARCENY-FROM VEHICLE,170150550,1/15/17,227 10TH ST NE,503,Midtown,E,33.78169,-84.37991
AUTO THEFT,170150730,1/15/17,806 TIFT AVE SW,301,Adair Park,V,33.73299,-84.41022
BURGLARY-RESIDENCE,170150783,1/15/17,3223 SPREADING OAK DR SW,406,Green Forest Acres,I,33.73117,-84.49353
LARCENY-FROM VEHICLE,170150818,1/15/17,1341 GUN CLUB RD NW,110,Almond Park,G,33.791,-84.46075
LARCENY-NON VEHICLE,170150990,1/15/17,292 MORELAND AVE NE,602,Inman Park,N,33.76227,-84.34972
ROBBERY-PEDESTRIAN,170151036,1/15/17,I-75 NB EXPY SW / CLEVELAND AVE SW,311,Glenrose Heights,Z,33.68112,-84.39837
BURGLARY-NONRES,170151044,1/15/17,2644 METROPOLITAN PKWY SW,309,Perkerson,X,33.68229,-84.40739
LARCENY-NON VEHICLE,170151112,1/15/17,1801 HOWELL MILL RD NW,204,Berkeley Park,D,33.80388,-84.41278
BURGLARY-RESIDENCE,170151146,1/15/17,2331 PAUL AVE NW,203,Riverside,D,33.81864,-84.47345
LARCENY-NON VEHICLE,170151221,1/15/17,1620 HOLLYWOOD RD NW,113,Scotts Crossing,G,33.79988,-84.47023
LARCENY-FROM VEHICLE,170151222,1/15/17,840 SPRINGDALE RD NE,608,Druid Hills,N,33.77761,-84.34405
LARCENY-NON VEHICLE,170151236,1/15/17,2115 MONROE DR NE,212,Piedmont Heights,F,33.81007,-84.3713
BURGLARY-RESIDENCE,170151317,1/15/17,699 FORMWALT ST SW;,303,Mechanicsville,V,33.73583,-84.39609
LARCENY-FROM VEHICLE,170151319,1/15/17,1212 JAMES JACKSON PKWY NW,113,Monroe Heights,G,33.78993,-84.47643
AGG ASSAULT,170151320,1/15/17,2060 BOLTON RD NW,203,Riverside,D,33.81206,-84.47413
AGG ASSAULT,170151457,1/15/17,1822 GIBEN RD SW,307,Betmar LaVilla,Y,33.70619,-84.40006
LARCENY-NON VEHICLE,170151462,1/15/17,3850 JONESBORO RD SE @EXPOSITION CENTER,313,South River Gardens,Z,33.65088,-84.36362
LARCENY-NON VEHICLE,170151485,1/15/17,1119 VICTORY DR SW,306,Sylvan Hills,X,33.70695,-84.42487
LARCENY-FROM VEHICLE,170151495,1/15/17,86 PRYOR ST SW,511,Downtown,M,33.75222,-84.39008
LARCENY-NON VEHICLE,170151609,1/15/17,1845 PIEDMONT AVE,212,Morningside/Lenox Park,F,33.80622,-84.36626
LARCENY-NON VEHICLE,170151615,1/15/17,1970 MOORES MILL RD NW,201,,C,33.82163,-84.44969
AUTO THEFT,170151634,1/15/17,942 PEACHTREE ST NE,503,Midtown,E,33.78043,-84.38456
ROBBERY-PEDESTRIAN,170151653,1/15/17,1675 EZRA CHURCH DR NW,105,West Lake,J,33.7619,-84.44225
LARCENY-NON VEHICLE,170151736,1/15/17,3815 VERMONT RD NE,209,Brookhaven,B,33.85954,-84.35541
LARCENY-NON VEHICLE,170151746,1/15/17,50 UPPER ALABAMA ST SW,511,Downtown,M,33.75194,-84.38964
LARCENY-FROM VEHICLE,170151881,1/15/17,10TH ST NE / MYRTLE ST NE,503,Midtown,E,33.78179,-84.37941
LARCENY-NON VEHICLE,170152200,1/15/17,2685 METROPOLITAN PKWY SW,309,Perkerson,X,33.68274,-84.40902
LARCENY-FROM VEHICLE,170152326,1/15/17,655 CLEVELAND AVE SW,309,Perkerson,X,33.6824,-84.41029
LARCENY-NON VEHICLE,170152371,1/15/17,265 PEACHTREE ST NE,509,Downtown,M,33.76152,-84.38672
ROBBERY-PEDESTRIAN,170152455,1/15/17,201 HURT ST NE,602,Inman Park,N,33.76017,-84.35545
ROBBERY-PEDESTRIAN,170152495,1/15/17,664 WILLOUGHBY WAY WAY,603,Old Fourth Ward,M,33.7641,-84.3655
LARCENY-FROM VEHICLE,170152560,1/15/17,887 W MARIETTA ST NW,103,English Avenue,L,33.78117,-84.4148
LARCENY-FROM VEHICLE,170152631,1/15/17,48 DANIEL ST SE,604,Old Fourth Ward,M,33.7528,-84.37053
BURGLARY-RESIDENCE,170132710,1/14/17,1770 RICHMOND CIR SE,307,Lakewood Heights,Y,33.70695,-84.37414
LARCENY-FROM VEHICLE,170133025,1/14/17,1784 PEACHTREE ST,207,Ardmore,E,33.80334,-84.39351
AGG ASSAULT,170140050,1/14/17,NORTHSIDE DR NW / JOSEPH E. BOONE B,102,English Avenue,L,33.76343,-84.40294
LARCENY-NON VEHICLE,170140073,1/14/17,450 STONEWALL ST SW,507,Castleberry Hill,M,33.7499,-84.40371
AUTO THEFT,170140199,1/14/17,556 NORTHSIDE DR SW,303,Pittsburgh,V,33.74043,-84.40806
LARCENY-NON VEHICLE,170140208,1/14/17,2100 METROPOLITAN PKWY SW,306,Sylvan Hills,X,33.697,-84.40768
BURGLARY-NONRES,170140264,1/14/17,646 LINDBERGH WAY NE,211,Lindbergh/Morosgo,B,33.82072,-84.367
AGG ASSAULT,170140365,1/14/17,762 AVENIDA ST SW,404,Westview,T,33.73432,-84.43835
ROBBERY-PEDESTRIAN,170140468,1/14/17,747 GREENWOOD AVE NE,601,Virginia Highland,F,33.77651,-84.36259
AUTO THEFT,170140479,1/14/17,1156 CHACHATTAHOOCHEE AVE NW,203,Blandtown,D,33.80058,-84.42561
AGG ASSAULT,170140499,1/14/17,180 RALPH D ABERNATHY BLVD SW,303,Mechanicsville,V,33.73656,-84.39376
AUTO THEFT,170140582,1/14/17,556 NORTHSIDE DR SW,303,Pittsburgh,V,33.74007,-84.40778
ROBBERY-PEDESTRIAN,170140725,1/14/17,3657 MARTIN L KING JR DR NW,111,Adamsville,H,33.76208,-84.5076
LARCENY-FROM VEHICLE,170140799,1/14/17,2887 BAKER RIDGE DR NW,112,Collier Heights,I,33.76688,-84.48237
LARCENY-FROM VEHICLE,170140907,1/14/17,455 NORTH AVE NE,603,Old Fourth Ward,M,33.77066,-84.37225
LARCENY-NON VEHICLE,170141016,1/14/17,848 HARWELL RD NW,112,Collier Heights,I,33.77854,-84.49523
AUTO THEFT,170141084,1/14/17,195 FAIRBURN RD NW,111,Adamsville,H,33.76126,-84.50433
LARCENY-NON VEHICLE,170141152,1/14/17,360 PHARR RD NE,206,Buckhead Village,B,33.8371,-84.37588
LARCENY-FROM VEHICLE,170141259,1/14/17,428 PONCE DE LEON AVE NW,506,Midtown,E,33.77333,-84.37336
LARCENY-NON VEHICLE,170141282,1/14/17,1266 EUCLID AVE NE,608,Candler Park,N,33.76764,-84.34676
LARCENY-NON VEHICLE,170141297,1/14/17,650 PONCE DE LEON AVE NE,506,Midtown,E,33.77352,-84.36667
LARCENY-NON VEHICLE,170141385,1/14/17,1097 HOLLYWOOD RD NW,110,Almond Park,G,33.78526,-84.46082
LARCENY-FROM VEHICLE,170141415,1/14/17,16 W PEACHTREE PL NW,508,Downtown,M,33.7639,-84.388
LARCENY-FROM VEHICLE,170141519,1/14/17,304 OAKLAND AVE SE,605,Grant Park,W,33.74638,-84.37466
LARCENY-NON VEHICLE,170141605,1/14/17,1275 CAROLINE ST NE,609,Edgewood,O,33.75831,-84.34638
LARCENY-FROM VEHICLE,170141631,1/14/17,401 NOLAND ST SE @CHOSEWOOD PARK,305,Chosewood Park,Y,33.71886,-84.37534
LARCENY-NON VEHICLE,170141649,1/14/17,388 LEGACY DR SW,104,Harris Chiles,T,33.74526,-84.41915
BURGLARY-RESIDENCE,170141742,1/14/17,49 BOULEVARD SE,604,Sweet Auburn,M,33.75275,-84.37186
LARCENY-NON VEHICLE,170141810,1/14/17,565 JOSEPH E LOWERY BLVD SW,401,West End,T,33.73969,-84.41828
BURGLARY-RESIDENCE,170141917,1/14/17,201 MOURY AVE SW,305,The Villages at Carver,Y,33.71691,-84.39276
LARCENY-NON VEHICLE,170142000,1/14/17,2841 GREENBRIAR PKWY SW @GREENBRIAR MALL,411,Greenbriar,R,33.68677,-84.49773
AUTO THEFT,170142004,1/14/17,1130 KIPLING ST SE,308,Thomasville Heights,Z,33.7003,-84.35034
ROBBERY-PEDESTRIAN,170142008,1/14/17,1144 JOSEPH E BOONE BLVD NW,105,Hunter Hills,K,33.76328,-84.42492
LARCENY-NON VEHICLE,170142059,1/14/17,933 PEACHTREE ST,505,Midtown,E,33.77953,-84.38421
LARCENY-NON VEHICLE,170142074,1/14/17,1275 CAROLINE ST NE ,609,Edgewood,O,33.75674,-84.34619
LARCENY-FROM VEHICLE,170142110,1/14/17,1351 MILTON PL SE,612,East Atlanta,W,33.73522,-84.34334
AGG ASSAULT,170142128,1/14/17,2615 DONALD LEE HOLLOWELL PKWY NW,109,Center Hill,J,33.7762,-84.47236
LARCENY-NON VEHICLE,170142136,1/14/17,863 PONCE DE LEON AVE NE,602,Poncey-Highland,N,33.77351,-84.35897
LARCENY-NON VEHICLE,170142300,1/14/17,1497 ROGERS AVE SW,404,Westview,T,33.73745,-84.43663
BURGLARY-RESIDENCE,170142399,1/14/17,658 FEDERAL TER SE,607,Benteen Park,W,33.71384,-84.36495
LARCENY-FROM VEHICLE,170142434,1/14/17,2561 PIEDMONT RD NE,211,Lindbergh/Morosgo,B,33.82561,-84.36464
LARCENY-FROM VEHICLE,170142436,1/14/17,209 BASS ST,303,Mechanicsville,V,33.73565,-84.39462
LARCENY-FROM VEHICLE,170142510,1/14/17,85 MOUNT ZION RD SW,312,Glenrose Heights,Z,33.67291,-84.39153
BURGLARY-RESIDENCE,170142516,1/14/17,1400 BENTEEN AVE SE,607,Benteen Park,W,33.71558,-84.36645
LARCENY-NON VEHICLE,170142617,1/14/17,3393 PEACHTREE RD NE @LENOX MALL,210,Lenox,B,33.84676,-84.36212
BURGLARY-RESIDENCE,170142886,1/14/17,3378 GREENBRIAR PKWY SW,413,,P,33.68387,-84.50204
BURGLARY-RESIDENCE,170130194,1/13/17,375 HIGHLAND AVE NE,604,Old Fourth Ward,M,33.76106,-84.37588
LARCENY-NON VEHICLE,170130230,1/13/17,156 FORSYTH ST SW,512,Downtown,M,33.74944,-84.39604
LARCENY-NON VEHICLE,170130274,1/13/17,227 10TH ST NE,503,Midtown,E,33.78169,-84.37991
LARCENY-FROM VEHICLE,170130413,1/13/17,2423 MARTIN L KING JR DR NW,108,Florida Heights,I,33.75183,-84.46623
LARCENY-NON VEHICLE,170130442,1/13/17,261 19TH ST NW,501,Atlantic Station,E,33.79371,-84.39677
LARCENY-FROM VEHICLE,170130453,1/13/17,1615 JACKSON WAY NW,113,Lincoln Homes,G,33.79866,-84.47565
AUTO THEFT,170130677,1/13/17,76 BURBANK DR SW,104,Mozley Park,K,33.75286,-84.42793
BURGLARY-RESIDENCE,170130685,1/13/17,115 DOGWOOD DR NW,112,Collier Heights,I,33.78069,-84.49544
BURGLARY-NONRES,170130707,1/13/17,2000 CHESHIRE BRIDGE RD NE,212,Morningside/Lenox Park,F,33.81114,-84.35753
BURGLARY-RESIDENCE,170130732,1/13/17,1925 MONROE DR NE,212,Piedmont Heights,F,33.80856,-84.37506
BURGLARY-NONRES,170130794,1/13/17,2000 CHESHIRE BRIDGE RD NE,212,Lindridge/Martin Manor,F,33.81154,-84.35746
LARCENY-FROM VEHICLE,170130823,1/13/17,415 ARMOUR DR NE,212,,F,33.81267,-84.37412
BURGLARY-RESIDENCE,170131016,1/13/17,464 TRABERT AVE NW,207,Loring Heights,E,33.79451,-84.40299
LARCENY-NON VEHICLE,170131100,1/13/17,2745 OLD HAPEVILLE RD SW,311,Glenrose Heights,Z,33.67992,-84.39348
BURGLARY-RESIDENCE,170131238,1/13/17,2005 KING GEORGE LN SW;,412,Kings Forest,P,33.69994,-84.51581
LARCENY-FROM VEHICLE,170131282,1/13/17,855 PEACHTREE ST NE,505,Midtown,E,33.77798,-84.38389
LARCENY-NON VEHICLE,170131301,1/13/17,1777 PIEDMONT AVE NE,213,Morningside/Lenox Park,F,33.80366,-84.3671
AGG ASSAULT,170131404,1/13/17,631 COOPER ST SW,303,Mechanicsville,V,33.73837,-84.39713
AGG ASSAULT,170131517,1/13/17,1683 LAKEWOOD AVE SE,307,Lakewood Heights,Y,33.7083,-84.38035
LARCENY-FROM VEHICLE,170131536,1/13/17,2730 ALTAVIEW DR SE,312,Rosedale Heights,Z,33.68024,-84.38148
AUTO THEFT,170131541,1/13/17,442 SCHOOL DR SE,312,Orchard Knob,Z,33.67245,-84.37509
BURGLARY-RESIDENCE,170131580,1/13/17,880 GLENWOOD AVE SE,606,Grant Park,W,33.73991,-84.35917
LARCENY-NON VEHICLE,170131611,1/13/17,477 PEACHTREE STREET,511,Downtown,M,33.7532,-84.39201
BURGLARY-RESIDENCE,170131616,1/13/17,4520 SANTA FE TRL SW;,413,Arlington Estates,P,33.69209,-84.53646
LARCENY-FROM VEHICLE,170131646,1/13/17,2001 JAMES JACKSON PKWY NW,203,Riverside,D,33.81063,-84.47569
LARCENY-FROM VEHICLE,170131730,1/13/17,471 N HIGHLAND AVE NE,602,Inman Park,N,33.76686,-84.35286
LARCENY-NON VEHICLE,170131769,1/13/17,1641 PEACHTREE ST NE @TRAVELODGE PEACHTRE,502,Midtown,E,33.79894,-84.39073
LARCENY-FROM VEHICLE,170131829,1/13/17,1874 PIEDMONT AVE NE,212,Piedmont Heights,F,33.80798,-84.36769
LARCENY-NON VEHICLE,170131869,1/13/17,18 ANDREW YOUNG INTERNA BLVD NE,509,Downtown,M,33.75978,-84.38692
LARCENY-FROM VEHICLE,170131913,1/13/17,2980 PIEDMONT RD NE,206,Garden Hills,B,33.83597,-84.36893
AUTO THEFT,170131946,1/13/17,1160 MOORES MILL RD NW,201,Brandon,C,33.83133,-84.42498
BURGLARY-NONRES,170131953,1/13/17,1387 NORTHSIDE DR NW,207,Loring Heights,E,33.79266,-84.40727
LARCENY-NON VEHICLE,170131976,1/13/17,595 TERRACE AVE NE,608,Candler Park,N,33.77054,-84.33553
AGG ASSAULT,170131992,1/13/17,1030 OAKLAND DR SW,403,Oakland City,S,33.72684,-84.42657
LARCENY-FROM VEHICLE,170131995,1/13/17,1086 ALCO ST,212,Lindridge/Martin Manor,F,33.81737,-84.35276
LARCENY-NON VEHICLE,170132167,1/13/17,45 JOHN PORTMAN BLVD NW,508,Downtown,M,33.76107,-84.38934
LARCENY-FROM VEHICLE,170132180,1/13/17,100 CENTENNIAL OLYMPIC P DR @PHILLIPS ARENA LOADING ,507,Downtown,M,33.75733,-84.39635
LARCENY-NON VEHICLE,170132221,1/13/17,3161 MAPLE DR NE,206,Buckhead Village,B,33.84163,-84.37187
LARCENY-FROM VEHICLE,170132233,1/13/17,1340 MILLER REED AVE SE,305,Chosewood Park,Y,33.71787,-84.37509
LARCENY-FROM VEHICLE,170132269,1/13/17,866 LENOX OAKS CIR NE,210,Pine Hills,B,33.83482,-84.3581
AUTO THEFT,170132299,1/13/17,2441 CHESHIRE BRIDGE RD,212,Lindridge/Martin Manor,F,33.82135,-84.35055
LARCENY-NON VEHICLE,170132303,1/13/17,30 E ANDREWS DR NW,206,South Tuxedo Park,B,33.84327,-84.38028
LARCENY-NON VEHICLE,170132318,1/13/17,3500 PEACHTREE RD NE,208,North Buckhead,B,33.85248,-84.36058
LARCENY-NON VEHICLE,170132365,1/13/17,1494 MEMORIAL DR SE,610,Kirkwood,O,33.7476,-84.33763
LARCENY-NON VEHICLE,170132505,1/13/17,401 CLIFTON RD NE,608,Lake Claire,N,33.76504,-84.33262
BURGLARY-RESIDENCE,170132560,1/13/17,777 MAGNOLIA WAY NW,102,Vine City,L,33.75822,-84.41369
LARCENY-NON VEHICLE,170132583,1/13/17,903 PEACHTREE ST NE,505,Midtown,E,33.77925,-84.38412
LARCENY-NON VEHICLE,170132600,1/13/17,2525 PIEDMONT RD NE @HOME DEPOT,211,Lindbergh/Morosgo,B,33.824,-84.36521
LARCENY-NON VEHICLE,170132621,1/13/17,650 PONCE DE LEON AVE NE @HOME DEPOT - PONCE,506,Midtown,E,33.77469,-84.36561
BURGLARY-RESIDENCE,170132674,1/13/17,1010 JOSEPH E BOONE BLVD NW,105,Washington Park,K,33.76327,-84.42063
LARCENY-FROM VEHICLE,170133055,1/13/17,1001 EUCLID AVE NE,602,Inman Park,N,33.76123,-84.35412
LARCENY-FROM VEHICLE,170133060,1/13/17,1611 ELLSWORTH INDUSTRIAL BLVD NW,203,Blandtown,D,33.79857,-84.42605
BURGLARY-RESIDENCE,170133085,1/13/17,1384 W PEACHTREE ST NW,502,Midtown,E,33.79251,-84.38787
LARCENY-NON VEHICLE,170133097,1/13/17,862 PARSONS ST SW,101,Atlanta University Center,T,33.75067,-84.4158
AUTO THEFT,170133142,1/13/17,2980 JONESBORO RD SE,313,South River Gardens,Z,33.67339,-84.37144
AGG ASSAULT,170133151,1/13/17,1545 NORTHSIDE DR NW,207,Loring Heights,E,33.79757,-84.40773
ROBBERY-PEDESTRIAN,170133168,1/13/17,517 PEEPLES ST SW,401,West End,T,33.74086,-84.42084
AGG ASSAULT,170133203,1/13/17,1778 BONN ST SE,307,Lakewood Heights,Y,33.70572,-84.38467
LARCENY-FROM VEHICLE,170132798,1/13/17,1814 PEACHTREE ST NW,207,Ardmore,E,33.80444,-84.39382
LARCENY-FROM VEHICLE,170132854,1/13/17,415 ARMOUR DR NE,212,,F,33.81267,-84.37412
AUTO THEFT,170132988,1/13/17,2907 3RD AVE SW,311,Hammond Park,X,33.67626,-84.40562
AUTO THEFT,170112778,1/12/17,585 WELLS ST SW,303,Pittsburgh,V,33.74023,-84.40742
LARCENY-FROM VEHICLE,170120067,1/12/17,450 16TH ST NW,501,Home Park,E,33.78829,-84.40378
LARCENY-FROM VEHICLE,170120247,1/12/17,1020 HOWELL MILL RD NW,501,Home Park,E,33.78287,-84.41164
LARCENY-FROM VEHICLE,170120336,1/12/17,180 CARROLL ST SE,606,Cabbagetown,N,33.74962,-84.36791
AUTO THEFT,170120457,1/12/17,3177 PEACHTREE RD NE,206,Buckhead Village,B,33.841,-84.37551
LARCENY-NON VEHICLE,170120672,1/12/17,1700 MONROE DR,213,Piedmont Heights,F,33.80052,-84.37307
ROBBERY-PEDESTRIAN,170120675,1/12/17,320 IRWIN ST NE,604,Sweet Auburn,M,33.75842,-84.37741
LARCENY-FROM VEHICLE,170120686,1/12/17,1112 BIRCH ST SW,306,Sylvan Hills,X,33.70527,-84.42474
LARCENY-FROM VEHICLE,170120698,1/12/17,1750 COMMERCE DR NW,204,Berkeley Park,D,33.80174,-84.41093
BURGLARY-NONRES,170120699,1/12/17,365 PEACHTREE HILLS AVE NE,211,Peachtree Hills,B,33.81808,-84.37491
BURGLARY-NONRES,170120756,1/12/17,351 MORELAND AVE NE,608,Candler Park,N,33.76393,-84.34873
LARCENY-FROM VEHICLE,170120878,1/12/17,1871 PLAZA LN SW,410,Campbellton Road,R,33.70518,-84.45336
AUTO THEFT,170120895,1/12/17,683 SKIPPER DR NW,112,Collier Heights,I,33.77388,-84.49015
LARCENY-FROM VEHICLE,170120943,1/12/17,250 AMAL DR SW,307,Betmar LaVilla,Y,33.70588,-84.39604
LARCENY-FROM VEHICLE,170120957,1/12/17,1093 WEST AVE SW,302,Pittsburgh,V,33.72494,-84.39593
LARCENY-FROM VEHICLE,170120966,1/12/17,1 MIDDLE PLANTATION RD NW,204,Westover Plantation,C,33.82292,-84.43981
LARCENY-FROM VEHICLE,170121086,1/12/17,1666 DELOWE DR SW,409,Adams Park,R,33.70995,-84.45982
AUTO THEFT,170121177,1/12/17,1900 MEADOR AVE SE,307,Lakewood Heights,Y,33.70238,-84.38002
LARCENY-NON VEHICLE,170121211,1/12/17,1248 W PACES FERRY RD NW,202,West Paces Ferry/Northside,A,33.84938,-84.4286
BURGLARY-RESIDENCE,170121310,1/12/17,4610 WILSON JAMES RD SW,412,,P,33.69747,-84.5389
LARCENY-FROM VEHICLE,170121319,1/12/17,773 AMI ST. SE.,304,Summerhill,V,33.7365,-84.38244
BURGLARY-RESIDENCE,170121323,1/12/17,1501 LANGSTON AVE SW,306,Sylvan Hills,X,33.71386,-84.42463
LARCENY-NON VEHICLE,170121367,1/12/17,255 COURTLAND ST NE @HILTON HOTEL,509,Downtown,M,33.76157,-84.38314
LARCENY-FROM VEHICLE,170121405,1/12/17,2090 BROWNS MILL RD SE,310,Lakewood,Z,33.69711,-84.37364
LARCENY-NON VEHICLE,170121464,1/12/17,231 18TH ST NW,501,Atlantic Station,E,33.79275,-84.39544
BURGLARY-NONRES,170121574,1/12/17,2519 CHANTILLY DR NE,212,Lindridge/Martin Manor,F,33.82369,-84.35056
LARCENY-FROM VEHICLE,170121652,1/12/17,46 SAUNDERS ST NE,610,Kirkwood,O,33.7539,-84.32495
LARCENY-FROM VEHICLE,170121670,1/12/17,395 PRYOR ST SW,303,Mechanicsville,V,33.74382,-84.39459
LARCENY-NON VEHICLE,170121696,1/12/17,2033 HOSEA L WILLIAMS DR SE,610,Kirkwood,O,33.75108,-84.32109
LARCENY-NON VEHICLE,170121740,1/12/17,1384 RALPH D ABERNATHY BLVD SW,404,Westview,T,33.73922,-84.43408
BURGLARY-RESIDENCE,170121786,1/12/17,2423 MARTIN L KING JR DR NW,108,Florida Heights,I,33.75183,-84.46623
LARCENY-NON VEHICLE,170121802,1/12/17,1606 JOSEPH E BOONE BLVD NW,105,West Lake,J,33.76332,-84.44043
LARCENY-NON VEHICLE,170121847,1/12/17,265 PEACHTREE CENTER AVE NE,509,Downtown,M,33.76158,-84.38496
LARCENY-FROM VEHICLE,170121850,1/12/17,15 PEACHTREE ST SW,511,Downtown,M,33.75369,-84.39043
LARCENY-NON VEHICLE,170121900,1/12/17,299 NORTH HIGHLAND AVE,602,Inman Park,N,33.76198,-84.35846
LARCENY-NON VEHICLE,170122031,1/12/17,660 RALPH MCGILL BLVD NE,603,Old Fourth Ward,M,33.765,-84.36578
LARCENY-NON VEHICLE,170122135,1/12/17,633 EVANS ST SW,401,West End,T,33.7376,-84.41593
LARCENY-FROM VEHICLE,170122175,1/12/17,100 CENTENNIAL OLYMPIC PARK DR,507,Downtown,M,33.75733,-84.39635
BURGLARY-RESIDENCE,170122394,1/12/17,3517 LYNFIELD DR SW,406,West Manor,I,33.73431,-84.50012
LARCENY-FROM VEHICLE,170122489,1/12/17,2995 DEVONSHIRE PL NW,201,Westminster/Milmar,C,33.83776,-84.42296
AGG ASSAULT,170122503,1/12/17,2429 MARTIN L KING JR DR NW,108,Florida Heights,I,33.75246,-84.46669
LARCENY-FROM VEHICLE,170122734,1/12/17,2379 DUPREE AVE NW,109,Center Hill,J,33.77916,-84.46475
BURGLARY-RESIDENCE,170122762,1/12/17,1872 SHADYDALE AVE SE,307,Lakewood Heights,Y,33.70312,-84.3849
AUTO THEFT,170122791,1/12/17,346 TED TURNER DR NW ,508,Downtown,M,33.76401,-84.38898
AGG ASSAULT,170122800,1/12/17,1109 EDIE AVE SE,607,Boulevard Heights,W,33.72443,-84.36397
BURGLARY-RESIDENCE,170122979,1/12/17,626 DEKALB AVE SE,604,Old Fourth Ward,M,33.75283,-84.36687
AUTO THEFT,170123061,1/12/17,507 JOSEPH E LOWERY BLVD SW,401,West End,T,33.74097,-84.41809
BURGLARY-RESIDENCE,170123096,1/12/17,1031 MCGILL PARK AVE NE,604,Old Fourth Ward,M,33.76163,-84.37579
LARCENY-FROM VEHICLE,170123194,1/12/17,855 PEACHTREE ST NE,505,Midtown,E,33.77798,-84.38389
LARCENY-FROM VEHICLE,170123209,1/12/17,1735 DEFOOR PL NW,204,Underwood Hills,D,33.80224,-84.42161
LARCENY-FROM VEHICLE,170123213,1/12/17,2 CASTLEBERRY ST ,507,Castleberry Hill,M,33.74856,-84.40049
LARCENY-FROM VEHICLE,170123217,1/12/17,696 W PEACHTREE ST NW,505,Midtown,E,33.77371,-84.38772
AUTO THEFT,170123287,1/12/17,42 3RD ST NW,505,Midtown,E,33.77383,-84.38861
LARCENY-FROM VEHICLE,170111558,1/11/17,3399 PEACHTREE RD NE,210,Lenox,B,33.8491,-84.36379
LARCENY-FROM VEHICLE,170111563,1/11/17,3654 PIEDMONT RD NE,208,Buckhead Forest,B,33.85405,-84.3825
LARCENY-FROM VEHICLE,170111575,1/11/17,531 ROY ST SW,302,Pittsburgh,V,33.72437,-84.4052
AUTO THEFT,170111580,1/11/17,2161 PEACHTREE RD NE,207,,E,33.81327,-84.39236
LARCENY-NON VEHICLE,170111644,1/11/17,619 EDGEWOOD AVE SE,604,Old Fourth Ward,M,33.75412,-84.36717
LARCENY-FROM VEHICLE,170111657,1/11/17,3450 BROWNS MILL RD SE,313,Blair Villa/Poole Creek,Z,33.66108,-84.38408
LARCENY-FROM VEHICLE,170111670,1/11/17,339 14TH ST NW,501,Home Park,E,33.78627,-84.39817
BURGLARY-RESIDENCE,170111685,1/11/17,1051 VILLA CT SE,607,Boulevard Heights,W,33.72594,-84.35812
BURGLARY-NONRES,170111687,1/11/17,1387 NORTHSIDE DR NW,207,Loring Heights,E,33.79262,-84.40774
AUTO THEFT,170111695,1/11/17,2800 RIDGEVIEW DR SW,411,Greenbriar,R,33.66921,-84.49209
LARCENY-FROM VEHICLE,170111696,1/11/17,788 MARIETTA ST NW ,504,Marietta Street Artery,E,33.77347,-84.40449
LARCENY-FROM VEHICLE,170111698,1/11/17,563 MEMORIAL DR SE,605,Grant Park,W,33.7464,-84.36911
LARCENY-FROM VEHICLE,170111721,1/11/17,693 HILL ST SE,605,Grant Park,W,33.73564,-84.37865
LARCENY-NON VEHICLE,170111810,1/11/17,2555 BOLTON RD,201,,C,33.82028,-84.45188
LARCENY-FROM VEHICLE,170111824,1/11/17,1968 PEACHTREE RD NW @PIEDMONT HOSPITAL,207,,E,33.81,-84.39583
LARCENY-FROM VEHICLE,170111908,1/11/17,299 N HIGHLAND AVE NE,602,Inman Park,N,33.76198,-84.35846
LARCENY-NON VEHICLE,170111946,1/11/17,1302 W PEACHTREE ST NW,502,Midtown,E,33.79007,-84.3883
LARCENY-FROM VEHICLE,170111983,1/11/17,880 GLENWOOD AVE SE,606,Grant Park,W,33.74058,-84.35903
BURGLARY-RESIDENCE,170112022,1/11/17,236 HARRIETT ST SE,305,South Atlanta,Y,33.71609,-84.38065
BURGLARY-RESIDENCE,170112049,1/11/17,2781 REVERE DR NW,113,Lincoln Homes,G,33.80055,-84.47901
BURGLARY-RESIDENCE,170112103,1/11/17,352 WOODSTOCK DR SW,407,Baker Hills,H,33.76101,-84.51443
LARCENY-FROM VEHICLE,170112129,1/11/17,27 WADDELL ST NE,602,Inman Park,N,33.75442,-84.36273
LARCENY-NON VEHICLE,170112211,1/11/17,882 BARNETT ST NE,601,Virginia Highland,F,33.77858,-84.35895
AGG ASSAULT,170112238,1/11/17,315 FAIRBURN RD NW,111,Adamsville,H,33.76421,-84.5013
AGG ASSAULT,170112253,1/11/17,151 14TH ST NW,501,Home Park,E,33.7873,-84.39241
AGG ASSAULT,170112295,1/11/17,1881 MYRTLE DR SW,410,Campbellton Road,R,33.70355,-84.45576
BURGLARY-RESIDENCE,170112404,1/11/17,5103 ALEXANDER CIR NE,209,North Buckhead,B,33.85494,-84.36556
AUTO THEFT,170112408,1/11/17,710 GASKILL ST SE,606,Cabbagetown,N,33.74831,-84.36405
LARCENY-FROM VEHICLE,170112489,1/11/17,764 CHARLES ALLEN DR NE,506,Midtown,E,33.77545,-84.37309
LARCENY-FROM VEHICLE,170112511,1/11/17,3819 JONESBORO RD SE,313,South River Gardens,Z,33.65025,-84.36718
LARCENY-FROM VEHICLE,170112536,1/11/17,200 N HIGHLAND AVE NE,602,Inman Park,N,33.7617,-84.36084
AGG ASSAULT,170112541,1/11/17,1405 JOSEPH E BOONE BLVD NW,107,Grove Park,J,33.76364,-84.43408
ROBBERY-PEDESTRIAN,170112591,1/11/17,1559 JOHNSON RD NW,110,Rockdale,G,33.78839,-84.43786
BURGLARY-RESIDENCE,170112629,1/11/17,151 CHAPPELL RD NW,105,Hunter Hills,K,33.75886,-84.43336
LARCENY-NON VEHICLE,170112691,1/11/17,1275 CAROLINE ST NE ,609,Edgewood,O,33.75674,-84.34619
ROBBERY-PEDESTRIAN,170112827,1/11/17,2002 CAMPBELLTON RD SW,410,Campbellton Road,R,33.70727,-84.45506
AGG ASSAULT,170112863,1/11/17,356 BOULEVARD NE,604,Sweet Auburn,M,33.75766,-84.37211
LARCENY-FROM VEHICLE,170112929,1/11/17,555 WHITEHALL ST SW,303,Mechanicsville,V,33.74297,-84.40628
BURGLARY-RESIDENCE,170112932,1/11/17,2571 FORREST AVE NW,203,Riverside,D,33.81432,-84.47223
LARCENY-FROM VEHICLE,170112965,1/11/17,1968 PEACHTREE RD NW @PIEDMONT HOSPITAL,207,,E,33.80881,-84.3951
AUTO THEFT,170113014,1/11/17,125 10TH ST NE,503,Midtown,E,33.78152,-84.38307
LARCENY-NON VEHICLE,170118038,1/11/17,5500 N TERMINAL PKWY SW,705,,,33.64221,-84.44687
LARCENY-FROM VEHICLE,170110059,1/11/17,820 RALPH MCGILL BLVD NE @TWO URBAN LICKS,602,Poncey-Highland,N,33.7688,-84.36149
LARCENY-NON VEHICLE,170110092,1/11/17,300 SPRING ST NW,508,Downtown,M,33.76273,-84.38912
LARCENY-FROM VEHICLE,170110130,1/11/17,339 ARCHER WAY NW,106,Bankhead,K,33.76407,-84.42365
BURGLARY-NONRES,170110162,1/11/17,730 CLEVELAND AVE SW,311,Hammond Park,X,33.68097,-84.41268
LARCENY-NON VEHICLE,170110192,1/11/17,3030 CONTINENTAL COLONY PKWY SW,411,Greenbriar,R,33.68066,-84.49371
BURGLARY-RESIDENCE,170110205,1/11/17,171 AUBURN AVE NE,510,Downtown,M,33.75546,-84.38185
AGG ASSAULT,170110334,1/11/17,3298 CUSHMAN CIR SW,406,,I,33.75057,-84.49417
LARCENY-NON VEHICLE,170110409,1/11/17,3 JOSEPH E LOWERY BLVD SW,104,Ashview Heights,T,33.75459,-84.41766
ROBBERY-PEDESTRIAN,170110426,1/11/17,983 PELHAM ST NW,106,Bankhead,K,33.77158,-84.41961
BURGLARY-NONRES,170110457,1/11/17,4621 WIEUCA RD NE,209,North Buckhead,B,33.87563,-84.37957
BURGLARY-NONRES,170110459,1/11/17,1127 MORELAND AVE SE,607,Woodland Hills,W,33.72355,-84.34955
LARCENY-FROM VEHICLE,170110723,1/11/17,814 JEFFERSON ST NW,103,English Avenue,L,33.77595,-84.41384
LARCENY-FROM VEHICLE,170110729,1/11/17,965 SELLS AVE SW,104,Harris Chiles,T,33.74546,-84.41974
LARCENY-NON VEHICLE,170110760,1/11/17,852 GREENWOOD AVE NE,601,Virginia Highland,F,33.77677,-84.35953
LARCENY-FROM VEHICLE,170110784,1/11/17,480 JOHN WESLEY DOBBS AVE NE,604,Old Fourth Ward,M,33.75961,-84.37127
AGG ASSAULT,170110862,1/11/17,3015 JONESBORO RD SE,312,Orchard Knob,Z,33.67229,-84.37254
AUTO THEFT,170110877,1/11/17,1617 EZRA CHURCH DR. NW,105,West Lake,J,33.75988,-84.4399
LARCENY-FROM VEHICLE,170110895,1/11/17,898 OAK ST SW ,401,West End,T,33.74066,-84.41651
AUTO THEFT,170110897,1/11/17,1373 BENNING PL NE,608,Candler Park,N,33.7685,-84.34265
LARCENY-NON VEHICLE,170110969,1/11/17,1545 NORTHSIDE DR NW,207,Loring Heights,E,33.79757,-84.40773
ROBBERY-PEDESTRIAN,170111018,1/11/17,1575 BEECHER ST SW,404,Westview,T,33.73385,-84.4394
BURGLARY-RESIDENCE,170111019,1/11/17,398 NOLAND ST SE,305,Chosewood Park,Y,33.71953,-84.37508
BURGLARY-NONRES,170111043,1/11/17,730 CLEVELAND AVE SW,311,Hammond Park,X,33.68097,-84.41268
LARCENY-FROM VEHICLE,170111072,1/11/17,17 BAKER ST NW,508,Downtown,M,33.76235,-84.38819
LARCENY-FROM VEHICLE,170111201,1/11/17,1123 BERKSHIRE RD NE,213,Morningside/Lenox Park,F,33.79824,-84.35055
LARCENY-NON VEHICLE,170111206,1/11/17,1364 MCPHERSON AVE SE,612,East Atlanta,W,33.74459,-84.34303
LARCENY-FROM VEHICLE,170111213,1/11/17,230 10TH ST NE,502,Midtown,E,33.78187,-84.37981
LARCENY-NON VEHICLE,170111277,1/11/17,1457 ANDREWS ST NW,105,Hunter Hills,K,33.76057,-84.43576
LARCENY-FROM VEHICLE,170111310,1/11/17,94 PEACHTREE CENTER AVE NE,510,Downtown,M,33.757,-84.38621
LARCENY-FROM VEHICLE,170111364,1/11/17,509 WABASH AVE NE,603,Old Fourth Ward,M,33.76461,-84.37065
LARCENY-NON VEHICLE,170111390,1/11/17,372 MORELAND AVE NE,602,Inman Park,N,33.76454,-84.34959
AUTO THEFT,170111526,1/11/17,910 NEW TOWN CIR SE,308,Thomasville Heights,Z,33.70845,-84.35939
BURGLARY-RESIDENCE,170111532,1/11/17,706 LYNN CIR SW,406,,I,33.73627,-84.48602
LARCENY-FROM VEHICLE,170111548,1/11/17,606 PICKETT ST SE,606,Cabbagetown,N,33.74896,-84.36752
LARCENY-NON VEHICLE,170091520,1/10/17,32 MARIETTA ST,508,Downtown,M,33.7521,-84.38955
AGG ASSAULT,170092721,1/10/17,544 GRANT ST SW,306,Sylvan Hills,X,33.70276,-84.4062
BURGLARY-RESIDENCE,170100003,1/10/17,1105 FAYETTEVILLE RD SE,612,East Atlanta,W,33.72423,-84.32662
BURGLARY-RESIDENCE,170100027,1/10/17,1678 ABNER TER NW,110,Carver Hills,G,33.80073,-84.46238
LARCENY-FROM VEHICLE,170100133,1/10/17,123 MARIETTA ST NW,508,Downtown,M,33.75767,-84.39266
BURGLARY-RESIDENCE,170100245,1/10/17,3378 GREENBRIAR PKWY,413,,P,33.68387,-84.50204
LARCENY-FROM VEHICLE,170100252,1/10/17,700 MARIETTA ST NW,504,Marietta Street Artery,E,33.77197,-84.40168
BURGLARY-RESIDENCE,170100296,1/10/17,1441 ALMONT DR SW,403,Oakland City,S,33.72622,-84.43512
BURGLARY-NONRES,170100307,1/10/17,2889 MEMORIAL DR SE,611,East Lake,O,33.74678,-84.29238
BURGLARY-RESIDENCE,170100365,1/10/17,470 16TH ST NW,501,Home Park,E,33.7883,-84.40387
LARCENY-FROM VEHICLE,170100431,1/10/17,464 COOPER ST SW,303,Mechanicsville,V,33.74211,-84.39669
ROBBERY-PEDESTRIAN,170100464,1/10/17,558 JULIAN ST NW,103,English Avenue,L,33.77014,-84.40946
LARCENY-FROM VEHICLE,170100568,1/10/17,3381 GREENBRIAR PKWY SW,413,,P,33.68403,-84.50216
LARCENY-FROM VEHICLE,170100574,1/10/17,161 TED TURNER DR NW,508,Downtown,M,33.75879,-84.38975
LARCENY-FROM VEHICLE,170100620,1/10/17,67 DANIEL ST SE,604,Old Fourth Ward,M,33.75239,-84.37067
LARCENY-NON VEHICLE,170100726,1/10/17,370 NORTHSIDE DR NW,103,English Avenue,L,33.76527,-84.40498
LARCENY-FROM VEHICLE,170100792,1/10/17,173 WOODWARD AVE SE,605,Capitol Gateway,V,33.74554,-84.38227
LARCENY-NON VEHICLE,170100827,1/10/17,542 RANKIN ST NE,603,Old Fourth Ward,M,33.76736,-84.36962
AUTO THEFT,170100997,1/10/17,3725 PRINCETON LAKES PKWY SW,414,Princeton Lakes,P,33.65777,-84.50877
AUTO THEFT,170101014,1/10/17,656 LYRIC WAY NW,112,Collier Heights,I,33.77347,-84.47749
LARCENY-NON VEHICLE,170101069,1/10/17,2370 METROPOLITAN PKWY SW,309,Perkerson,X,33.69014,-84.40807
ROBBERY-PEDESTRIAN,170101114,1/10/17,1111 EUCLID AVE NE,602,Inman Park,N,33.764,-84.35057
BURGLARY-RESIDENCE,170101181,1/10/17,2996 JONESBORO RD SE,313,South River Gardens,Z,33.67315,-84.37161
AUTO THEFT,170101255,1/10/17,140 MILTON AVE SE,305,Chosewood Park,Y,33.72147,-84.38306
LARCENY-NON VEHICLE,170101263,1/10/17,750 CASCADE AVE SW,402,West End,T,33.73486,-84.43644
LARCENY-FROM VEHICLE,170101293,1/10/17,235 PHARR RD NE,206,Garden Hills,B,33.83636,-84.38001
LARCENY-FROM VEHICLE,170101421,1/10/17,250 10TH ST NE,502,Midtown,E,33.78218,-84.37867
BURGLARY-RESIDENCE,170101462,1/10/17,1999 BENT CREEK WAY SW,410,Campbellton Road,R,33.70087,-84.46574
BURGLARY-RESIDENCE,170101484,1/10/17,501 CONNELL AVE SW,309,Perkerson,X,33.68348,-84.40624
LARCENY-FROM VEHICLE,170101564,1/10/17,1016 HOWELL MILL RD NW,501,Home Park,E,33.78183,-84.41244
BURGLARY-RESIDENCE,170101585,1/10/17,601 FORMWALT ST SW,303,Mechanicsville,V,33.73834,-84.396
LARCENY-FROM VEHICLE,170101604,1/10/17,97 HOWELL ST NE,604,Old Fourth Ward,M,33.75703,-84.36972
LARCENY-FROM VEHICLE,170101679,1/10/17,2553 RIDGEWOOD TER,201,Ridgewood Heights,C,33.82534,-84.44819
LARCENY-NON VEHICLE,170101725,1/10/17,621 NORTH AVE NE,603,Old Fourth Ward,M,33.77103,-84.36662
LARCENY-NON VEHICLE,170101788,1/10/17,800 GLENWOOD AVE SE,605,Grant Park,W,33.74234,-84.36002
LARCENY-NON VEHICLE,170101826,1/10/17,1287 STATE ST NW,501,Home Park,E,33.78947,-84.39859
LARCENY-NON VEHICLE,170101860,1/10/17,759 POLLARD BLVD SW,304,Summerhill,V,33.73398,-84.39099
LARCENY-NON VEHICLE,170101872,1/10/17,250 TED TURNER DR NW,508,Downtown,M,33.76147,-84.38914
AUTO THEFT,170101932,1/10/17,173 VANIRA AVE SE,304,Peoplestown,V,33.72911,-84.38227
ROBBERY-PEDESTRIAN,170101959,1/10/17,79 GAMMON AVE SE,305,South Atlanta,Y,33.71828,-84.38545
LARCENY-NON VEHICLE,170101964,1/10/17,300 PETERS ST SW,507,Castleberry Hill,M,33.74651,-84.40219
LARCENY-NON VEHICLE,170102005,1/10/17,230 18TH ST NW,501,Atlantic Station,E,33.79212,-84.39554
BURGLARY-RESIDENCE,170102030,1/10/17,3614 LYNFIELD DR SW,406,West Manor,I,33.73668,-84.50014
AUTO THEFT,170102051,1/10/17,960 DEWEY ST SW,302,Pittsburgh,V,33.72868,-84.4068
LARCENY-FROM VEHICLE,170102073,1/10/17,1800 HOWELL MILL RD NW @CK,204,Underwood Hills,D,33.80479,-84.41455
BURGLARY-RESIDENCE,170102148,1/10/17,2959 FORREST HILLS DR SW,311,Hammond Park,X,33.67403,-84.3995
BURGLARY-RESIDENCE,170102283,1/10/17,990 CUSTER AVE SE,607,Custer/McDonough/Guice,W,33.71724,-84.35631
LARCENY-NON VEHICLE,170102326,1/10/17,3393 PEACHTREE RD NE @Multiple,210,Lenox,B,33.84676,-84.36212
AGG ASSAULT,170102358,1/10/17,195 FAIRBURN RD NW,111,Adamsville,H,33.76006,-84.50198
LARCENY-NON VEHICLE,170102470,1/10/17,1275 CAROLINE ST NE @TARGET - CAROLINE,609,Edgewood,O,33.75674,-84.34619
BURGLARY-RESIDENCE,170102525,1/10/17,1007 MCGILL PARK AVE NE,604,Old Fourth Ward,M,33.76187,-84.37595
LARCENY-NON VEHICLE,170102566,1/10/17,2644 METROPOLITAN PKWY SW,309,Perkerson,X,33.68229,-84.40739
BURGLARY-RESIDENCE,170102603,1/10/17,1679 N OLYMPIAN WAY SW,404,Westview,T,33.73647,-84.44275
LARCENY-FROM VEHICLE,170102624,1/10/17,1745 PEACHTREE ST NE,207,Brookwood Hills,E,33.8018,-84.39187
ROBBERY-PEDESTRIAN,170102653,1/10/17,854 MCDONOUGH BLVD SE,607,Custer/McDonough/Guice,W,33.70839,-84.3585
LARCENY-FROM VEHICLE,170102658,1/10/17,3219 CAINS HILL PL NW,206,South Tuxedo Park,B,33.84255,-84.38023
LARCENY-FROM VEHICLE,170102788,1/10/17,2140 PEACHTREE RD NW,207,,C,33.81349,-84.39275
LARCENY-FROM VEHICLE,170102801,1/10/17,266 16TH ST NW,501,Home Park,E,33.78988,-84.39613
LARCENY-FROM VEHICLE,170102830,1/10/17,2904 ARGYLE DR NW,113,Lincoln Homes,G,33.79981,-84.48293
LARCENY-FROM VEHICLE,170102860,1/10/17,1700 NORTHSIDE DR NW,207,Berkeley Park,D,33.80077,-84.40869
BURGLARY-RESIDENCE,170102881,1/10/17,2125 JOSEPH E BOONE BLVD NW,108,Center Hill,J,33.76479,-84.4579
LARCENY-FROM VEHICLE,170102889,1/10/17,1133 HUFF RD NW,203,Blandtown,D,33.78978,-84.42557
LARCENY-FROM VEHICLE,170102906,1/10/17,736 PONCE DE LEON AVE NE,601,Virginia Highland,F,33.77386,-84.3631
LARCENY-FROM VEHICLE,170102917,1/10/17,2524 RIDGEWOOD TER NW,201,Ridgewood Heights,C,33.82435,-84.44785
LARCENY-NON VEHICLE,170103013,1/10/17,115 PINE ST NW,504,Downtown,M,33.76789,-84.39162
HOMICIDE,1.70101E+11,1/10/17,1944 PIEDMONT CIR NE,212,Piedmont Heights,F,33.81165,-84.36787
HOMICIDE,1.70102E+11,1/10/17,2494 BAKER RD NW,109,Center Hill,J,33.76936,-84.46855
HOMICIDE,1.70103E+11,1/10/17,50 UPPER ALABAMA ST SW,511,Downtown,M,33.75194,-84.38964
HOMICIDE,1.70091E+11,1/9/17,1800 MEMORIAL DR SE,610,Kirkwood,O,33.74752,-84.3291
AUTO THEFT,170090013,1/9/17,1755 GIVENS AVE NW,110,Scotts Crossing,G,33.80338,-84.46646
AGG ASSAULT,170090048,1/9/17,960 E PACES FERRY RD NE,210,Buckhead Heights,B,33.84691,-84.35618
BURGLARY-NONRES,170090414,1/9/17,211 BUCKHEAD AVE NE,206,Buckhead Village,B,33.83796,-84.38044
LARCENY-FROM VEHICLE,170090481,1/9/17,2834 GLENLOCKE CIR NW,113,Monroe Heights,G,33.79639,-84.48382
BURGLARY-NONRES,170090589,1/9/17,854 N HIGHLAND AVE NE,601,Virginia Highland,F,33.77788,-84.35285
AUTO THEFT,170090608,1/9/17,1212 JAMES JACKSON PKWY NW,113,Monroe Heights,G,33.79333,-84.47416
AUTO THEFT,170090684,1/9/17,2779 GLENLOCKE WAY NW,113,Monroe Heights,G,33.79828,-84.48184
AUTO THEFT,170090697,1/9/17,1999 BENT CREEK WAY SW,410,Campbellton Road,R,33.70166,-84.46412
AUTO THEFT,170090712,1/9/17,591 AMAL DR SW,307,Amal Heights,Y,33.70893,-84.3987
LARCENY-FROM VEHICLE,170090777,1/9/17,2423 MARTIN L KING JR DR NW,108,Florida Heights,I,33.75183,-84.46623
LARCENY-NON VEHICLE,170090819,1/9/17,2890 N FULTON DR NE,206,Garden Hills,B,33.83158,-84.37848
LARCENY-FROM VEHICLE,170090907,1/9/17,106 JOHN WESLEY DOBBS AVE NE,510,Downtown,M,33.7572,-84.38452
AUTO THEFT,170090934,1/9/17,1925 KIMBERLY RD SW,412,Ben Hill Terrace,P,33.7018,-84.5225
LARCENY-NON VEHICLE,170090988,1/9/17,1367 RICHLAND RD SW,402,Oakland City,S,33.73103,-84.43239
LARCENY-NON VEHICLE,170091003,1/9/17,2525 PIEDMONT RD NE @HOME DEPOT,211,Lindbergh/Morosgo,B,33.824,-84.36521
LARCENY-NON VEHICLE,170091072,1/9/17,1611 ELLSWORTH INDUSTRIAL BLVD NW,203,Blandtown,D,33.79857,-84.42605
LARCENY-NON VEHICLE,170091075,1/9/17,146 1ST ST SW,104,Ashview Heights,T,33.75073,-84.42517
BURGLARY-RESIDENCE,170091106,1/9/17,1169 ARLINGTON AVE SW,403,Oakland City,S,33.72563,-84.42609
ROBBERY-COMMERCIAL,170091137,1/9/17,2859 PIEDMONT RD NE,211,Peachtree Park,B,33.83294,-84.3677
AGG ASSAULT,170091161,1/9/17,3901 CAMPBELLTON RD SW,412,Kings Forest,P,33.69231,-84.51621
AGG ASSAULT,170091177,1/9/17,2640 MARTIN L KING JR DR SW,405,Harland Terrace,I,33.75381,-84.47425
AUTO THEFT,170091236,1/9/17,1709 STOKES AVE SW,404,Westview,T,33.74124,-84.44378
LARCENY-NON VEHICLE,170091237,1/9/17,390 W LAKE AVE NW,107,Grove Park,J,33.76561,-84.44109
LARCENY-NON VEHICLE,170091240,1/9/17,870 INMAN VILLAGE PKWY NE,602,Inman Park,N,33.76121,-84.36
LARCENY-NON VEHICLE,170091243,1/9/17,1460 MOORES MILL RD NW,201,Wesley Battle,C,33.82878,-84.4351
LARCENY-FROM VEHICLE,170091299,1/9/17,1465 CHATTAHOOCHEE AVE NW,204,Underwood Hills,D,33.80787,-84.43494
BURGLARY-RESIDENCE,170091349,1/9/17,46 DOROTHY ST SE,305,South Atlanta,Y,33.7103,-84.38386
BURGLARY-RESIDENCE,170091422,1/9/17,1604 OLYMPIAN CIR SW,404,Westview,T,33.73515,-84.44066
LARCENY-NON VEHICLE,170091454,1/9/17,1530 DEKALB AVE NE,608,Candler Park,N,33.76242,-84.33803
BURGLARY-NONRES,170091463,1/9/17,175 LAKEWOOD WAY SW,307,Lakewood Heights,Y,33.70409,-84.39608
LARCENY-NON VEHICLE,170091471,1/9/17,2128 RIDGEDALE RD NE,610,Kirkwood,O,33.75343,-84.3179
LARCENY-NON VEHICLE,170091513,1/9/17,1275 CAROLINE ST NE @TARGET - CAROLINE,609,Edgewood,O,33.75674,-84.34619
LARCENY-NON VEHICLE,170098048,1/9/17,6000 NORTH TERMINAL PARKWAY,706,,,33.64184,-84.4477
LARCENY-NON VEHICLE,170098078,1/9/17,6234 SPINE RD,706,,,33.64072,-84.44435
LARCENY-FROM VEHICLE,170091528,1/9/17,2144 HILLS AVE NW,204,Underwood Hills,D,33.81395,-84.43107
LARCENY-FROM VEHICLE,170091578,1/9/17,1279 GLENWOOD AVE SE,612,East Atlanta,W,33.73996,-84.34569
LARCENY-NON VEHICLE,170091633,1/9/17,1045 S RIVER INDUSTRIAL BLVD SE,313,South River Gardens,Z,33.6829,-84.35537
ROBBERY-PEDESTRIAN,170091697,1/9/17,2535 PIEDMONT RD NE,211,Lindbergh/Morosgo,B,33.82404,-84.36378
BURGLARY-NONRES,170091717,1/9/17,1260 GLENWOOD AVE SE,612,East Atlanta,W,33.74024,-84.34645
LARCENY-FROM VEHICLE,170091848,1/9/17,3630 PEACHTREE RD NE,209,North Buckhead,B,33.85471,-84.3586
BURGLARY-RESIDENCE,170091918,1/9/17,2780 GLENLOCKE WAY NW,113,Monroe Heights,G,33.79771,-84.4817
LARCENY-NON VEHICLE,170091927,1/9/17,2539 PIEDMONT RD NE,211,Lindbergh/Morosgo,B,33.82403,-84.36328
LARCENY-NON VEHICLE,170092000,1/9/17,180 UNIVERSITY AVE SW,302,Pittsburgh,V,33.72164,-84.39375
BURGLARY-RESIDENCE,170092001,1/9/17,639 BLAKE AVE SE,612,East Atlanta,W,33.7369,-84.33929
ROBBERY-PEDESTRIAN,170092030,1/9/17,95 MAYSON AVE NE,609,Edgewood,O,33.75619,-84.33821
AGG ASSAULT,170092049,1/9/17,30 PINE ST NE,509,Downtown,M,33.76745,-84.3857
AGG ASSAULT,170092050,1/9/17,1282 OAKLAND DR SW,403,Oakland City,S,33.72024,-84.42735
LARCENY-NON VEHICLE,170092108,1/9/17,1275 CAROLINE ST NE @TARGET - CAROLINE,609,Edgewood,O,33.75674,-84.34619
LARCENY-FROM VEHICLE,170092111,1/9/17,765 MAIDEN LN NE,601,Virginia Highland,F,33.77452,-84.36189
LARCENY-FROM VEHICLE,170092132,1/9/17,1005 HEMPHILL AVE NW,501,Home Park,E,33.7822,-84.40438
LARCENY-FROM VEHICLE,170092140,1/9/17,2195 MONROE DR NE,212,Piedmont Heights,F,33.81034,-84.36852
LARCENY-NON VEHICLE,170092146,1/9/17,872 METROPOLITAN PKWY SW,302,Pittsburgh,V,33.73115,-84.40781
LARCENY-FROM VEHICLE,170092231,1/9/17,140 W WIEUCA RD NE,209,East Chastain Park,B,33.87788,-84.38165
LARCENY-NON VEHICLE,170092237,1/9/17,3393 PEACHTREE RD NE,210,Lenox,B,33.84884,-84.36475
ROBBERY-PEDESTRIAN,170092349,1/9/17,1700 NORTHSIDE DR NW,207,Berkeley Park,D,33.80121,-84.40791
LARCENY-NON VEHICLE,170092376,1/9/17,2846 CONNALLY DR SW,411,Greenbriar,R,33.69495,-84.48122
BURGLARY-NONRES,170092472,1/9/17,925 E CONFEDERATE AVE SE,607,Boulevard Heights,W,33.72642,-84.3573
AUTO THEFT,170092504,1/9/17,795 CRESTWELL CIR SW,407,Mays,H,33.74399,-84.50449
LARCENY-FROM VEHICLE,170092574,1/9/17,585 WELLS ST SW,303,Pittsburgh,V,33.74023,-84.40742
ROBBERY-COMMERCIAL,170092629,1/9/17,1722 CAMPBELLTON RD SW,408,,R,33.71107,-84.44411
LARCENY-NON VEHICLE,170092668,1/9/17,240 PEACHTREE ST NW @MERCHANDISE MART,508,Downtown,M,33.76056,-84.38835
BURGLARY-RESIDENCE,170092678,1/9/17,804 BENDER ST SW,302,Pittsburgh,V,33.73313,-84.40693
LARCENY-FROM VEHICLE,170092707,1/9/17,360 MARIETTA ST NW,507,Downtown,M,33.76269,-84.39702
LARCENY-NON VEHICLE,170051054,1/9/17,101 HAMILTON E HOLMES DR NW,111,Florida Heights,I,33.75218,-84.46744
LARCENY-NON VEHICLE,170061441,1/9/17,980 HOLLYWOOD RD NW,110,Almond Park,G,33.78373,-84.45794
BURGLARY-NONRES,170080145,1/8/17,730 CLEVELAND AVE SW,311,Hammond Park,X,33.68097,-84.41268
LARCENY-FROM VEHICLE,170080167,1/8/17,250 AUBURN AVE NE,510,Downtown,M,33.75572,-84.37932
LARCENY-FROM VEHICLE,170080195,1/8/17,502 PRYOR ST SW,303,Mechanicsville,V,33.74114,-84.39442
LARCENY-FROM VEHICLE,170080207,1/8/17,326 NELSON ST SW,507,Castleberry Hill,M,33.75149,-84.3984
AGG ASSAULT,170080296,1/8/17,2110 PEACHTREE RD NW @MICK'S - BENNETT ST,207,,C,33.81203,-84.39274
AGG ASSAULT,170080445,1/8/17,1444 STOKES AVE SW,404,Westview,T,33.74067,-84.43521
AUTO THEFT,170080535,1/8/17,115 PINE ST NW,504,Downtown,M,33.76789,-84.39162
BURGLARY-NONRES,170080544,1/8/17,1825 PIEDMONT AVE NE,213,Morningside/Lenox Park,F,33.80498,-84.36716
AUTO THEFT,170080589,1/8/17,2750 BAKER RIDGE DR NW,112,Collier Heights,I,33.76792,-84.4775
AUTO THEFT,170080603,1/8/17,2761 OLDKNOW DR NW,112,Collier Heights,I,33.77209,-84.47799
BURGLARY-RESIDENCE,170080606,1/8/17,999 MOUNT PARAN RD NW,202,Mt. Paran/Northside,A,33.87587,-84.41461
AUTO THEFT,170080664,1/8/17,725 TARA CIR SE,313,South River Gardens,Z,33.66646,-84.36598
LARCENY-FROM VEHICLE,170080697,1/8/17,445 MARKHAM ST SW,507,Castleberry Hill,M,33.75274,-84.40069
LARCENY-FROM VEHICLE,170080728,1/8/17,17 BAKER S,509,Downtown,M,33.76215,-84.38675
LARCENY-FROM VEHICLE,170080773,1/8/17,221 PEACHTREE CENTER AVE NE ,509,Downtown,M,33.76045,-84.38556
LARCENY-FROM VEHICLE,170080795,1/8/17,1212 JAMES JACKSON PKWY NW,113,Monroe Heights,G,33.79333,-84.47416
LARCENY-FROM VEHICLE,170080894,1/8/17,2770 LENOX RD NE,210,Pine Hills,B,33.83092,-84.35683
LARCENY-FROM VEHICLE,170080896,1/8/17,2400 PARKLAND DR NE,211,Lindbergh/Morosgo,B,33.81987,-84.36568
LARCENY-NON VEHICLE,170080906,1/8/17,2440 BARGE RD SW,413,,P,33.68847,-84.50615
LARCENY-FROM VEHICLE,170080917,1/8/17,23 LARKIN PL SW,507,Castleberry Hill,M,33.74728,-84.40426
AUTO THEFT,170080945,1/8/17,1508 VENETIAN DR SW,408,Venetian Hills,S,33.71438,-84.43797
LARCENY-NON VEHICLE,170080952,1/8/17,3393 PEACHTREE RD NE @LENOX MALL,210,Lenox,B,33.84676,-84.36212
LARCENY-FROM VEHICLE,170080974,1/8/17,1425 JOSEPH E BOONE BLVD NW,107,Grove Park,J,33.76364,-84.43461
LARCENY-FROM VEHICLE,170081076,1/8/17,390 17TH ST NW,501,Atlantic Station,E,33.7902,-84.4003
LARCENY-NON VEHICLE,170081104,1/8/17,1585 EZRA CHURCH DR NW,105,West Lake,J,33.75781,-84.43957
LARCENY-FROM VEHICLE,170081134,1/8/17,185 SOUTHSIDE INDUSTRIAL PKWY SE,313,Blair Villa/Poole Creek,Z,33.65077,-84.38283
LARCENY-FROM VEHICLE,170081154,1/8/17,192 ANDREW YOUNG INTERNA BLVD NE,510,Downtown,M,33.75974,-84.38323
BURGLARY-NONRES,170081162,1/8/17,1387 NORTHSIDE DR NW,207,Loring Heights,E,33.79262,-84.40774
AUTO THEFT,170081197,1/8/17,1720 MARTIN LUTHER KING JR DR SW,104,Mozley Park,K,33.75083,-84.44341
RAPE,170081198,1/8/17,367 DOLLAR MILL RD SW,407,Ridgecrest Forest,H,33.74426,-84.52705
LARCENY-NON VEHICLE,170081248,1/8/17,600 PHIPPS BLVD NE,209,North Buckhead,B,33.85301,-84.36531
BURGLARY-RESIDENCE,170081254,1/8/17,432 RICHARDS ST NW,501,Home Park,E,33.78346,-84.40119
AGG ASSAULT,170081297,1/8/17,1955 MORELAND AVE SE,308,Thomasville Heights,Z,33.70235,-84.34959
LARCENY-NON VEHICLE,170081299,1/8/17,74 BREVARD AVE SW,310,Browns Mill Park,Z,33.68494,-84.39125
AUTO THEFT,170081315,1/8/17,618 WAYNES CT SE,313,South River Gardens,Z,33.67205,-84.36938
LARCENY-FROM VEHICLE,170081392,1/8/17,2657 OLDKNOW DR NW,112,Collier Heights,I,33.77203,-84.47451
LARCENY-NON VEHICLE,170081439,1/8/17,595 PIEDMONT AVE,603,Old Fourth Ward,M,33.77067,-84.38023
LARCENY-FROM VEHICLE,170081443,1/8/17,2852 CASCADE RD SW @CASCADE SPRINGS NATU,409,Cascade Heights,I,33.71955,-84.48012
LARCENY-FROM VEHICLE,170081510,1/8/17,437 MEMORIAL DR SE ,605,Grant Park,W,33.74639,-84.37285
LARCENY-FROM VEHICLE,170081585,1/8/17,1919 METROPOLITAN PKWY SW;,306,Sylvan Hills,X,33.70278,-84.41017
AUTO THEFT,170081601,1/8/17,330 BROWNLEE RD SW,406,,I,33.74705,-84.49651
LARCENY-NON VEHICLE,170081616,1/8/17,1008 BRADY AVE NW,501,Home Park,E,33.78251,-84.41436
LARCENY-NON VEHICLE,170081665,1/8/17,2625 PIEDMONT RD NE,211,Lindbergh/Morosgo,B,33.82742,-84.36532
LARCENY-FROM VEHICLE,170081694,1/8/17,1111 EUCLID AVE NE,602,Inman Park,N,33.764,-84.35057
LARCENY-NON VEHICLE,170081708,1/8/17,2539 PIEDMONT RD NE,211,Lindbergh/Morosgo,B,33.82403,-84.36328
BURGLARY-RESIDENCE,170081718,1/8/17,765 MCDANIEL ST SW,302,Pittsburgh,V,33.73396,-84.40177
LARCENY-FROM VEHICLE,170081746,1/8/17,358 ELIZABETH ST,602,Inman Park,N,33.7636,-84.35895
LARCENY-FROM VEHICLE,170081780,1/8/17,3208 MARTIN L KING JR DR SW,406,,I,33.75188,-84.49244
LARCENY-FROM VEHICLE,170081789,1/8/17,3666 LARGO LN SW,414,Tampa Park,P,33.6794,-84.50862
ROBBERY-PEDESTRIAN,170081821,1/8/17,2637 OLD HAPEVILLE RD SW,310,Browns Mill Park,Z,33.68294,-84.39417
BURGLARY-RESIDENCE,170081850,1/8/17,925 CANTERBURY RD NE,210,Pine Hills,B,33.8278,-84.3563
AGG ASSAULT,170081858,1/8/17,2612 STEELE AVE SW,310,Browns Mill Park,Z,33.68166,-84.3962
LARCENY-FROM VEHICLE,170081883,1/8/17,30 DANIEL ST SE,604,Old Fourth Ward,M,33.75351,-84.37085
ROBBERY-PEDESTRIAN,170081949,1/8/17,1885 JONESBORO RD SE,307,Lakewood Heights,Y,33.7032,-84.37701
BURGLARY-NONRES,170082009,1/8/17,730 CLEVELAND AVE SW,311,Hammond Park,X,33.68097,-84.41268
LARCENY-FROM VEHICLE,170082047,1/8/17,2038 HOWARD CIR NE,608,Lake Claire,N,33.76406,-84.32075
AGG ASSAULT,170082065,1/8/17,278 EUGENIA ST SW,303,Mechanicsville,V,33.74315,-84.39706
BURGLARY-RESIDENCE,170082082,1/8/17,747 RALPH MCGILL BLVD NE,603,Old Fourth Ward,M,33.76674,-84.36263
LARCENY-NON VEHICLE,170088026,1/8/17,6234 SPINE RD,706,,,33.64072,-84.44435
AUTO THEFT,170070007,1/7/17,548 NORTHSIDE DR NW,103,English Avenue,L,33.7697,-84.40508
LARCENY-FROM VEHICLE,170070015,1/7/17,2065 PERKERSON RD SW,306,Sylvan Hills,X,33.69812,-84.41641
BURGLARY-NONRES,170070088,1/7/17,2473 DONALD LEE HOLLOWELL PKWY NW,109,Center Hill,J,33.77659,-84.46625
BURGLARY-NONRES,170070258,1/7/17,3285 MARTIN L KING JR DR SW,111,Adamsville,H,33.75409,-84.49648
LARCENY-NON VEHICLE,170070299,1/7/17,74 NORTHSIDE DR SW,507,Castleberry Hill,M,33.75267,-84.40252
AUTO THEFT,170070472,1/7/17,3306 TIARA CIR SW,409,Southwest,R,33.70187,-84.49547
AUTO THEFT,170070552,1/7/17,1685 RALPH D ABERNATHY BLVD SW,404,Westview,T,33.74524,-84.43956
LARCENY-FROM VEHICLE,170070563,1/7/17,374 E PACES FERRY RD NE,206,Buckhead Village,B,33.83937,-84.37503
LARCENY-NON VEHICLE,170070617,1/7/17,1193 LEE ST SW,403,Oakland City,S,33.72261,-84.42302
LARCENY-FROM VEHICLE,170070623,1/7/17,1331 MARIETTA BLVD NW,203,Blandtown,D,33.79149,-84.42945
LARCENY-FROM VEHICLE,170070625,1/7/17,784 COLLIER RD NW,205,Wildwood (NPU-C),C,33.8092,-84.41381
LARCENY-FROM VEHICLE,170070698,1/7/17,249 CHICAMAUGA AVE SW,104,Mozley Park,K,33.74827,-84.43246
LARCENY-FROM VEHICLE,170070733,1/7/17,372 LARCHMONT DR NW,112,Collier Heights,I,33.76539,-84.48529
LARCENY-NON VEHICLE,170070785,1/7/17,835 MARTIN L KING JR DR NW,102,Vine City,L,33.75504,-84.41457
LARCENY-NON VEHICLE,170070837,1/7/17,1700 NORTHSIDE DR NW,207,Berkeley Park,D,33.80077,-84.40869
AUTO THEFT,170070840,1/7/17,1033 HOLLYWOOD RD NW,110,Almond Park,G,33.78308,-84.45882
LARCENY-FROM VEHICLE,170070841,1/7/17,944 NORTHERN AVE SE,606,Reynoldstown,N,33.74775,-84.35638
LARCENY-NON VEHICLE,170070915,1/7/17,3400 AROUND LENOX DR NE ,210,Lenox,B,33.84578,-84.36489
LARCENY-FROM VEHICLE,170070949,1/7/17,759 COOPER ST SW,303,Mechanicsville,V,33.73415,-84.39741
BURGLARY-RESIDENCE,170070951,1/7/17,361 COLLIER RIDGE DR NW,112,Collier Heights,I,33.76497,-84.4763
AUTO THEFT,170070952,1/7/17,2859 ALEXANDRIA DR SW,414,Deerwood,P,33.67655,-84.51473
BURGLARY-RESIDENCE,170070955,1/7/17,191 LITTLE ST SE,304,Summerhill,V,33.73303,-84.38156
LARCENY-FROM VEHICLE,170070972,1/7/17,1374 EASTGATE CT SE,612,East Atlanta,W,33.73661,-84.34358
LARCENY-FROM VEHICLE,170070983,1/7/17,470 16TH ST NW,501,Home Park,E,33.7883,-84.40387
LARCENY-NON VEHICLE,170070990,1/7/17,116 HILLSIDE AVE SE,307,Lakewood Heights,Y,33.70427,-84.38444
AUTO THEFT,170071002,1/7/17,1935 ALISON CT SW,410,Fort Valley,R,33.70055,-84.45149
LARCENY-FROM VEHICLE,170071012,1/7/17,465 N HIGHLAND AVE NE,602,Inman Park,N,33.7668,-84.3528
LARCENY-FROM VEHICLE,170071029,1/7/17,221 PEACHTREE CENTER AVE NE,509,Downtown,M,33.76045,-84.38556
LARCENY-FROM VEHICLE,170071042,1/7/17,926 WELCH ST SW,302,Pittsburgh,V,33.72972,-84.40465
LARCENY-FROM VEHICLE,170071047,1/7/17,1280 BEECHER ST SW,402,Oakland City,S,33.73301,-84.42954
LARCENY-FROM VEHICLE,170071057,1/7/17,183 MOUNT ZION RD SE,312,Glenrose Heights,Z,33.67268,-84.38507
LARCENY-FROM VEHICLE,170071078,1/7/17,15 WALL ST SE,511,Downtown,M,33.75359,-84.38986
LARCENY-NON VEHICLE,170071090,1/7/17,3500 PEACHTREE RD NE @PHIPPS PLAZA,208,North Buckhead,B,33.85252,-84.36116
LARCENY-FROM VEHICLE,170071196,1/7/17,502 AMSTERDAM AVE NE ,213,Morningside/Lenox Park,F,33.78831,-84.36969
AUTO THEFT,170071221,1/7/17,2745 OLD HAPEVILLE RD SW,311,Glenrose Heights,Z,33.67992,-84.39348
LARCENY-NON VEHICLE,170071239,1/7/17,590 CASCADE AVE SW @KROGER - CASCADE,402,West End,T,33.73812,-84.43276
AUTO THEFT,170071250,1/7/17,4122 FAIRBURN AVE SW,413,Fairburn,P,33.69168,-84.52422
LARCENY-FROM VEHICLE,170071324,1/7/17,135 W WIEUCA RD NW @CHASTAIN CITY PARK,202,Chastain Park,A,33.87589,-84.39202
BURGLARY-RESIDENCE,170071366,1/7/17,592 MCAFEE ST NW,504,Downtown,M,33.76804,-84.39465
LARCENY-FROM VEHICLE,170071402,1/7/17,1000 NORTHSIDE DR NW,501,Home Park,E,33.78196,-84.40835
LARCENY-FROM VEHICLE,170071410,1/7/17,676 N HIGHLAND AVE NE ,602,Poncey-Highland,N,33.77294,-84.35263
LARCENY-NON VEHICLE,170071431,1/7/17,3393 PEACHTREE RD NE,210,Lenox,B,33.84676,-84.36212
LARCENY-NON VEHICLE,170071447,1/7/17,3393 PEACHTREE RD NE,210,Lenox,B,33.84676,-84.36212
BURGLARY-RESIDENCE,170071467,1/7/17,201 MOURY AVE SW,305,The Villages at Carver,Y,33.71691,-84.39276
LARCENY-FROM VEHICLE,170071520,1/7/17,178 MOURY AVE SW,305,The Villages at Carver,Y,33.71347,-84.39079
LARCENY-FROM VEHICLE,170071616,1/7/17,410 14TH ST,501,Home Park,E,33.78589,-84.40047
AGG ASSAULT,170071641,1/7/17,3749 Campbellton Rd SW,413,,H,33.738,-84.50089
LARCENY-NON VEHICLE,170071719,1/7/17,3393 PEACHTREE RD NE @Multiple,210,Lenox,B,33.84676,-84.36212
LARCENY-NON VEHICLE,170071783,1/7/17,1801 HOWELL MILL RD NW,204,Berkeley Park,D,33.80388,-84.41278
LARCENY-NON VEHICLE,170071817,1/7/17,1023 CURRAN ST NW,501,Home Park,E,33.78267,-84.40588
LARCENY-FROM VEHICLE,170071826,1/7/17,936 MARIETTA ST NW,504,Marietta Street Artery,E,33.77676,-84.40796
AGG ASSAULT,170071854,1/7/17,850 OAK ST SW @WEST END MALL,401,West End,T,33.74057,-84.4168
BURGLARY-RESIDENCE,170071943,1/7/17,625 PIEDMONT AVE NE,505,Midtown,E,33.77178,-84.38174
LARCENY-FROM VEHICLE,170061562,1/6/17,777 CLEVELAND AVE SW,309,Perkerson,X,33.68171,-84.41482
BURGLARY-RESIDENCE,170061618,1/6/17,765 MCDANIEL ST SW,302,Pittsburgh,V,33.73396,-84.40177
LARCENY-FROM VEHICLE,170061624,1/6/17,75 TED TURNER DR SW @RICHARD RUSSELL BUI,507,Downtown,M,33.75268,-84.39557
LARCENY-FROM VEHICLE,170061643,1/6/17,55 MAPLE ST,102,Vine City,L,33.75569,-84.40528
LARCENY-FROM VEHICLE,170061655,1/6/17,2973 HEADLAND DR SW,411,Greenbriar,R,33.69168,-84.4872
LARCENY-FROM VEHICLE,170061660,1/6/17,1165 OAKLAND LN SW,403,Oakland City,S,33.71965,-84.4263
BURGLARY-RESIDENCE,170061671,1/6/17,3838 NARRON DR SW,414,Deerwood,P,33.67715,-84.51138
BURGLARY-RESIDENCE,170061679,1/6/17,965 CUNNINGHAM PL SW,104,Harris Chiles,T,33.74333,-84.41968
BURGLARY-RESIDENCE,170061686,1/6/17,886 WASHINGTON ST,304,Peoplestown,V,33.73054,-84.39066
ROBBERY-PEDESTRIAN,170061740,1/6/17,220 HUTCHINSON ST NE,609,Edgewood,O,33.75985,-84.34092
LARCENY-NON VEHICLE,170061758,1/6/17,2539 PIEDMONT RD NE @TARGET - PIEDMONT,211,Lindbergh/Morosgo,B,33.82403,-84.36328
BURGLARY-RESIDENCE,170061804,1/6/17,2788 DEFOORS FERRY RD NW,201,,C,33.82114,-84.44713
LARCENY-NON VEHICLE,170061830,1/6/17,3334 PEACHTREE RD NE ,208,North Buckhead,B,33.84911,-84.37075
LARCENY-NON VEHICLE,170061838,1/6/17,835 MARTIN L KING JR DR NW,102,Vine City,L,33.75504,-84.41457
LARCENY-NON VEHICLE,170061943,1/6/17,1723 LAKEWOOD AVE SE,307,Lakewood Heights,Y,33.70678,-84.38031
AUTO THEFT,170061970,1/6/17,1342 MILLER REED AVE SE,305,Chosewood Park,Y,33.71763,-84.37492
BURGLARY-RESIDENCE,170062082,1/6/17,2500 CENTER ST NW,113,Carey Park,G,33.78999,-84.47156
LARCENY-FROM VEHICLE,170062115,1/6/17,781 WHEELER ST NW,103,English Avenue,L,33.77461,-84.41465
ROBBERY-PEDESTRIAN,170062117,1/6/17,2640 MARTIN L KING JR DR SW,405,Harland Terrace,I,33.75381,-84.47425
LARCENY-NON VEHICLE,170062160,1/6/17,1197 PEACHTREE ST NE,502,Midtown,E,33.78742,-84.38333
ROBBERY-PEDESTRIAN,170062285,1/6/17,3617 MARTIN L KING JR DR NW,111,Adamsville,H,33.76171,-84.50726
LARCENY-NON VEHICLE,170062335,1/6/17,2440 PIEDMONT RD NE ,211,Lindbergh/Morosgo,B,33.82209,-84.36749
AGG ASSAULT,170062421,1/6/17,105 ALLEN TEMPLE CT NW,111,,I,33.75257,-84.49074
AGG ASSAULT,170062479,1/6/17,3315 PEACHTREE RD NE,208,Peachtree Park,B,33.84642,-84.36815
AUTO THEFT,170062588,1/6/17,1212 JAMES JACKSON PKWY NW,113,Monroe Heights,G,33.79333,-84.47416
LARCENY-NON VEHICLE,170062590,1/6/17,400 RALPH MCGILL BLVD NE,603,Old Fourth Ward,M,33.76408,-84.37448
AGG ASSAULT,170062694,1/6/17,197 CAMPBELL ST SE,610,Kirkwood,O,33.7478,-84.32548
LARCENY-NON VEHICLE,170068038,1/6/17,6000 N TERMINAL PKWY,706,,,33.64069,-84.44388
LARCENY-NON VEHICLE,170068054,1/6/17,6000 N TERMINAL PKWY,705,,,33.64184,-84.4477
LARCENY-FROM VEHICLE,170060040,1/6/17,1991 HOWELL MILL RD NW,205,Channing Valley,C,33.80902,-84.41277
ROBBERY-PEDESTRIAN,170060138,1/6/17,1000 NEW TOWN CIR,308,Thomasville Heights,Z,33.70764,-84.36005
LARCENY-NON VEHICLE,170060153,1/6/17,265 PEACHTREE ST NE,509,Downtown,M,33.7617,-84.38744
BURGLARY-RESIDENCE,170060205,1/6/17,1095 MOUNT PARAN RD NW,202,Mt. Paran/Northside,A,33.87404,-84.41594
LARCENY-FROM VEHICLE,170060264,1/6/17,437  MEMORIAL DR SE,605,Grant Park,W,33.74679,-84.37339
LARCENY-FROM VEHICLE,170060273,1/6/17,E ANDREWS DR NW / CAINS HILL PL NW,206,South Tuxedo Park,B,33.84361,-84.38054
ROBBERY-PEDESTRIAN,170060277,1/6/17,75 CENTRAL AVE SW,511,Downtown,M,33.7499,-84.39058
BURGLARY-RESIDENCE,170060319,1/6/17,3000 CONTINENTAL COLONY PKWY SW,411,Greenbriar,R,33.68077,-84.4937
BURGLARY-NONRES,170060462,1/6/17,1668 EASTLAND RD SE,612,East Atlanta,W,33.71898,-84.33038
AGG ASSAULT,170060487,1/6/17,2500 CENTER ST NW,113,Carey Park,G,33.78999,-84.47156
BURGLARY-RESIDENCE,170060633,1/6/17,538 HOLDERNESS ST SW,401,West End,T,33.74038,-84.42694
BURGLARY-RESIDENCE,170060733,1/6/17,234 RICHARDSON RD NW,105,West Lake,J,33.76148,-84.44413
BURGLARY-NONRES,170060783,1/6/17,264 19TH ST NW,501,Atlantic Station,E,33.79334,-84.39693
BURGLARY-NONRES,170060939,1/6/17,3097 E. SHADOWLAWN AVE.,206,Buckhead Village,B,33.83949,-84.37386
LARCENY-NON VEHICLE,170061051,1/6/17,265 PEACHTREE CENTER AVE NE @MARIOTT,509,Downtown,M,33.76158,-84.38496
BURGLARY-RESIDENCE,170061077,1/6/17,385 LEGACY DR SW,104,Harris Chiles,T,33.74507,-84.41943
LARCENY-FROM VEHICLE,170061122,1/6/17,352 CHEROKEE AVE SE,605,Grant Park,W,33.74499,-84.37308
LARCENY-FROM VEHICLE,170061184,1/6/17,348 14TH ST NW,501,Home Park,E,33.78587,-84.39832
AUTO THEFT,170061191,1/6/17,245 N HIGHLAND AVE NE,602,Inman Park,N,33.76225,-84.35911
AGG ASSAULT,170061225,1/6/17,244 UPSHAW ST SW,307,Joyland,Y,33.71096,-84.39691
LARCENY-FROM VEHICLE,170061254,1/6/17,790 PONCE DE LEON AVE NE,601,Virginia Highland,F,33.774,-84.36149
LARCENY-FROM VEHICLE,170061288,1/6/17,679 SYMPHONY LN NW,112,Collier Heights,I,33.77363,-84.4828
LARCENY-FROM VEHICLE,170061315,1/6/17,2323 CHESHIRE BRIDGE RD NE,212,Carroll Heights,H,33.77744,-84.50188
HOMICIDE,1.70062E+11,1/6/17,827 DRUMMOND ST SW,101,Atlanta University Center,T,33.75294,-84.41463
LARCENY-NON VEHICLE,170042169,1/5/17,3353 PEACHTREE RD NE,208,Lindridge/Martin Manor,F,33.82066,-84.36009
BURGLARY-NONRES,170050436,1/5/17,1572 HARDEE ST NE,609,Edgewood,O,33.75546,-84.33644
BURGLARY-RESIDENCE,170050566,1/5/17,3765 PACES RDG NW,201,Pleasant Hill,A,33.85839,-84.44004
AUTO THEFT,170050576,1/5/17,1975 RAMBLING DR SW,306,Sylvan Hills,X,33.70052,-84.40621
LARCENY-FROM VEHICLE,170050587,1/5/17,3180 PEACHTREE RD NE,206,Buckhead Forest,B,33.84183,-84.3759
ROBBERY-RESIDENCE,170050621,1/5/17,908 BOULDERCREST DR SE,612,East Atlanta,W,33.72979,-84.33476
LARCENY-FROM VEHICLE,170050673,1/5/17,1000 NORTHSIDE DR NW,501,Home Park,E,33.78196,-84.40835
AUTO THEFT,170050702,1/5/17,215 PIEDMONT AVE NE,509,Downtown,M,33.76029,-84.38207
LARCENY-FROM VEHICLE,170050728,1/5/17,1752 PRYOR RD SW,307,Betmar LaVilla,Y,33.70731,-84.39674
LARCENY-FROM VEHICLE,170050735,1/5/17,445 AMAL DR SW,307,Amal Heights,Y,33.70816,-84.40096
AUTO THEFT,170050755,1/5/17,1142 BOOKER AVE SW,302,Pittsburgh,V,33.72369,-84.3974
AGG ASSAULT,170050762,1/5/17,1220 GUN CLUB RD NW,110,Almond Park,G,33.78752,-84.45789
LARCENY-FROM VEHICLE,170050837,1/5/17,403 MONTGOMERY FERRY DR NE,213,Piedmont Heights,F,33.80108,-84.3737
AUTO THEFT,170050846,1/5/17,546 FORMWALT ST SW,303,Mechanicsville,V,33.73987,-84.39562
LARCENY-FROM VEHICLE,170050956,1/5/17,456 MCWILLIAMS AVE SE,612,East Atlanta,W,33.74151,-84.33581
LARCENY-FROM VEHICLE,170051016,1/5/17,1361 PASADENA AVE NE,213,Morningside/Lenox Park,F,33.79955,-84.34198
AUTO THEFT,170051018,1/5/17,3113 LENOX RD NE,210,Pine Hills,B,33.83923,-84.358
LARCENY-FROM VEHICLE,170051039,1/5/17,1500 MARIETTA BLVD NW,203,Hills Park,D,33.79681,-84.4333
LARCENY-NON VEHICLE,170051073,1/5/17,717 LEE ST SW,401,West End,T,33.73516,-84.41421
LARCENY-FROM VEHICLE,170051118,1/5/17,938 BERNE ST SE,607,Ormewood Park,W,33.73671,-84.35671
LARCENY-FROM VEHICLE,170051123,1/5/17,545 BURROUGHS ST SE,305,Chosewood Park,Y,33.71798,-84.36977
BURGLARY-RESIDENCE,170051219,1/5/17,2931 MIDDLETON RD NW,111,,I,33.75294,-84.48775
LARCENY-FROM VEHICLE,170051223,1/5/17,1444 LUCILE AVE SW @Multiple,404,Westview,T,33.74253,-84.43524
LARCENY-FROM VEHICLE,170051302,1/5/17,2610 LINKS DR SE,611,The Villages at East Lake,O,33.74458,-84.31184
AUTO THEFT,170051306,1/5/17,1721 WILLMA DR NW,110,West Highlands,G,33.79285,-84.44725
BURGLARY-RESIDENCE,170051322,1/5/17,4380 GARMON RD NW,202,Mt. Paran/Northside,A,33.87503,-84.4274
LARCENY-NON VEHICLE,170051344,1/5/17,1000 PHILLIPS DR SE,308,Thomasville Heights,Z,33.70052,-84.3548
LARCENY-NON VEHICLE,170051435,1/5/17,77 E ANDREWS DR NW,206,South Tuxedo Park,B,33.84358,-84.38253
LARCENY-FROM VEHICLE,170051559,1/5/17,3601 CLOUDLAND DR NW,201,Pleasant Hill,A,33.85321,-84.43307
LARCENY-FROM VEHICLE,170051602,1/5/17,15 WALL ST SE,511,Downtown,M,33.75359,-84.38986
AUTO THEFT,170051628,1/5/17,260 HOWARD ST NE,610,Kirkwood,O,33.75951,-84.32326
LARCENY-NON VEHICLE,170051636,1/5/17,1480 MOUNT PARAN RD NW,202,Mt. Paran/Northside,A,33.86971,-84.42648
LARCENY-NON VEHICLE,170051662,1/5/17,2841 GREENBRIAR PKWY SW @GREENBRIAR MALL,411,Greenbriar,R,33.68677,-84.49773
LARCENY-NON VEHICLE,170051673,1/5/17,3535 PEACHTREE RD NE @PUBLIX - PEACHTREE,210,Lenox,B,33.85182,-84.3595
LARCENY-NON VEHICLE,170051705,1/5/17,234 MEMORIAL DR SW,512,Downtown,M,33.7465,-84.39536
LARCENY-FROM VEHICLE,170051718,1/5/17,375 RALPH MCGILL BLVD NE,604,Old Fourth Ward,M,33.76368,-84.37587
LARCENY-NON VEHICLE,170051781,1/5/17,1 GEORGIA DOME DR NW @GA DOME,507,Downtown,M,33.75783,-84.40102
LARCENY-NON VEHICLE,170051795,1/5/17,69 TRINITY AVE SW,512,Downtown,M,33.74813,-84.39058
BURGLARY-RESIDENCE,170051796,1/5/17,4400 GARMON RD NW,202,Mt. Paran/Northside,A,33.87572,-84.42723
LARCENY-NON VEHICLE,170051926,1/5/17,1483 ARTHUR LANGFORD JR PL SW,307,Joyland,Y,33.71097,-84.39789
LARCENY-FROM VEHICLE,170051948,1/5/17,3350 PEACHTREE RD NE,208,North Buckhead,B,33.84792,-84.36849
AUTO THEFT,170052054,1/5/17,1434 BEATIE AVE SW,301,Capitol View,X,33.7157,-84.41066
LARCENY-FROM VEHICLE,170052079,1/5/17,741 MOROSGO DR NE,211,Lindbergh/Morosgo,B,33.82296,-84.36346
AUTO THEFT,170052183,1/5/17,3550 CAMPBELLTON RD SW,413,,P,33.68984,-84.50491
LARCENY-NON VEHICLE,170052223,1/5/17,2480 ARNO DR NW,110,Carver Hills,G,33.79897,-84.46929
LARCENY-NON VEHICLE,170052262,1/5/17,1275 CAROLINE ST NE ,609,Edgewood,O,33.75674,-84.34619
LARCENY-FROM VEHICLE,170052282,1/5/17,55 HILLIARD ST SE,604,Sweet Auburn,M,33.75286,-84.37718
ROBBERY-PEDESTRIAN,170052311,1/5/17,894 CONSTITUTION RD SE,308,Norwood Manor,Z,33.69323,-84.36012
BURGLARY-RESIDENCE,170052314,1/5/17,4660 BROOK HOLLOW RD NW,202,Chastain Park,A,33.8827,-84.40464
LARCENY-NON VEHICLE,170052331,1/5/17,2525 PIEDMONT RD NE @HOME DEPOT,211,Lindbergh/Morosgo,B,33.824,-84.36521
LARCENY-FROM VEHICLE,170052366,1/5/17,41 FORSYTH ST NW,508,Downtown,M,33.75567,-84.39053
LARCENY-FROM VEHICLE,170052373,1/5/17,15 SYLVAN RD RD,306,Sylvan Hills,X,33.71276,-84.41815
AUTO THEFT,170052392,1/5/17,711 COSMOPOLITAN DR NE,211,Lindbergh/Morosgo,B,33.82144,-84.36218
AGG ASSAULT,170052540,1/5/17,4085 KENORA DR SW,407,Baker Hills,H,33.75747,-84.52156
LARCENY-NON VEHICLE,170052548,1/5/17,3393 PEACHTREE RD NE,210,Lenox,B,33.84676,-84.36212
BURGLARY-RESIDENCE,170052555,1/5/17,1938 GRANDVIEW AVE NW,203,Riverside,D,33.80855,-84.4731
AUTO THEFT,170052610,1/5/17,195 AVERY DR NE,502,Ansley Park,E,33.7984,-84.37401
BURGLARY-RESIDENCE,170052637,1/5/17,2624 FORREST AVE NW,203,Riverside,D,33.81289,-84.47405
AGG ASSAULT,170052659,1/5/17,350 EDGEWOOD AVE ,604,Sweet Auburn,M,33.75445,-84.37605
BURGLARY-RESIDENCE,170052661,1/5/17,4645 JETTRIDGE DR NW,202,Chastain Park,A,33.8822,-84.40598
LARCENY-FROM VEHICLE,170052693,1/5/17,502 PRYOR ST SW,303,Mechanicsville,V,33.74114,-84.39442
BURGLARY-RESIDENCE,170052744,1/5/17,2437 ELIZABETH ANN LN NE,212,Lindridge/Martin Manor,F,33.82109,-84.34877
BURGLARY-RESIDENCE,170052784,1/5/17,546 MCGILL PL NE,603,Old Fourth Ward,M,33.7648,-84.37756
LARCENY-FROM VEHICLE,170052805,1/5/17,27 WADDELL ST NE,602,Inman Park,N,33.75442,-84.36273
AUTO THEFT,170052861,1/5/17,964 PULLIAM ST SW,304,Peoplestown,V,33.72851,-84.39184
LARCENY-NON VEHICLE,170052934,1/5/17,2045 DONALD LEE HOLLOWELL PKWY NW,107,Grove Park,J,33.7774,-84.45214
LARCENY-NON VEHICLE,170052947,1/5/17,1201 VIRGINIA PARK DR NE,608,Druid Hills,N,33.77626,-84.34739
AUTO THEFT,170052982,1/5/17,111 DOGWOOD DR NW,112,Collier Heights,I,33.78189,-84.49498
LARCENY-FROM VEHICLE,170052990,1/5/17,299 N HIGHLAND AVE NE,602,Inman Park,N,33.76198,-84.35846
AUTO THEFT,170053003,1/5/17,1155 JOSEPH E BOONE BLVD NW,106,Bankhead,K,33.7636,-84.42558
ROBBERY-PEDESTRIAN,170053013,1/5/17,2479 ABNER TER NW @FLIPPER TEMPLE,110,Scotts Crossing,G,33.80106,-84.46803
LARCENY-FROM VEHICLE,170053025,1/5/17,1700 NORTHSIDE DR NW,207,Berkeley Park,D,33.80077,-84.40869
LARCENY-FROM VEHICLE,170053028,1/5/17,300A OAKLAND AVE SE,605,Grant Park,W,33.74635,-84.37476
LARCENY-FROM VEHICLE,170053045,1/5/17,1784 PEACHTREE ST NW,207,Brookwood,E,33.80093,-84.39349
LARCENY-NON VEHICLE,170053086,1/5/17,1829 CAMPBELLTON RD SW,408,Venetian Hills,S,33.71,-84.44863
LARCENY-FROM VEHICLE,170053087,1/5/17,2166 PEACHTREE RD NW @HOUSTONS,207,,C,33.81349,-84.39275
LARCENY-FROM VEHICLE,170053114,1/5/17,154 KROG ST NE,602,Inman Park,N,33.75824,-84.36396
AUTO THEFT,170053117,1/5/17,1960 PERKERSON RD SW,306,Sylvan Hills,X,33.70089,-84.4177
LARCENY-FROM VEHICLE,170053178,1/5/17,410 14TH ST NW,501,Home Park,E,33.78589,-84.40047
LARCENY-NON VEHICLE,170053182,1/5/17,1421 NEWTON AVE SE,612,East Atlanta,W,33.73788,-84.341
BURGLARY-RESIDENCE,170053183,1/5/17,2909 CAMPBELLTON RD SW,409,Southwest,R,33.69869,-84.48265
ROBBERY-PEDESTRIAN,170053223,1/5/17,60 PASCHAL BLVD NW,102,Vine City,L,33.75783,-84.41419
LARCENY-NON VEHICLE,170058023,1/5/17,6000 N TERMINAL PKWY,705,,,33.64184,-84.4477
LARCENY-NON VEHICLE,170058032,1/5/17,11700 SPINE RD,703,,,33.64065,-84.42932
BURGLARY-NONRES,170040080,1/4/17,3050 MARTIN L KING JR DR SW,405,Harland Terrace,I,33.75237,-84.48653
AGG ASSAULT,170040087,1/4/17,2303 PALMETTO ST SW,413,Fairburn,P,33.69162,-84.52523
AUTO THEFT,170040107,1/4/17,3656 MARTIN L KING JR DR SW,407,Adamsville,H,33.7621,-84.50832
AUTO THEFT,170040196,1/4/17,3558 PIEDMONT RD NE,208,Buckhead Forest,B,33.85062,-84.37995
LARCENY-NON VEHICLE,170040220,1/4/17,3315 PEACHTREE RD NE,208,Peachtree Park,B,33.84642,-84.36815
LARCENY-NON VEHICLE,170040225,1/4/17,910 NEW TOWN CIR SE,308,Thomasville Heights,Z,33.70845,-84.35939
ROBBERY-PEDESTRIAN,170040236,1/4/17,1829 CAMPBELLTON RD SW    ,408,Venetian Hills,S,33.71,-84.44863
AGG ASSAULT,170040288,1/4/17,1267 JOSEPH E BOONE BLVD NW,106,Bankhead,K,33.76398,-84.42895
LARCENY-FROM VEHICLE,170040306,1/4/17,705 MCWILLIAMS RD SE,310,Browns Mill Park,Z,33.68857,-84.36539
LARCENY-FROM VEHICLE,170040316,1/4/17,585 MCWILLIAMS RD SE,310,Browns Mill Park,Z,33.6887,-84.36924
AUTO THEFT,170040325,1/4/17,585 MCWILLIAMS RD SE,310,Browns Mill Park,Z,33.6887,-84.36924
AUTO THEFT,170040478,1/4/17,2453 CORONET WAY NW,201,,C,33.8209,-84.44958
BURGLARY-RESIDENCE,170040601,1/4/17,71 CHICAMAUGA AVE SW,104,Mozley Park,K,33.75316,-84.43241
AUTO THEFT,170040661,1/4/17,1797 EVANS DR SW,306,Sylvan Hills,X,33.70584,-84.42309
LARCENY-FROM VEHICLE,170040683,1/4/17,400 MARKHAM ST SW,507,Castleberry Hill,M,33.75274,-84.40061
LARCENY-FROM VEHICLE,170040694,1/4/17,1426 GAULT ST SE,305,Chosewood Park,Y,33.71535,-84.37208
AUTO THEFT,170040711,1/4/17,2879 MOCKINGBIRD LN SW,406,Audobon Forest West,I,33.72896,-84.48259
LARCENY-FROM VEHICLE,170040743,1/4/17,2929 LANDRUM DR SW,409,Southwest,R,33.70623,-84.48388
AGG ASSAULT,170040794,1/4/17,2025 PEACHTREE RD NE @DARLINGTON APARTMEN,207,,E,33.80965,-84.39144
AUTO THEFT,170040836,1/4/17,43 WOODWARD AVE SE,605,Capitol Gateway,V,33.74556,-84.386
AGG ASSAULT,170040856,1/4/17,1011 DIMMOCK ST SW,402,Oakland City,S,33.72793,-84.42082
LARCENY-NON VEHICLE,170040898,1/4/17,3122 PEACHTREE RD NE,208,Buckhead Forest,B,33.8404,-84.37812
LARCENY-FROM VEHICLE,170041005,1/4/17,259 RICHARDSON ST SW,303,Mechanicsville,V,33.74083,-84.39654
LARCENY-NON VEHICLE,170041092,1/4/17,765 SKIPPER DR NW,112,Collier Heights,I,33.77606,-84.4899
BURGLARY-RESIDENCE,170041183,1/4/17,396 BROWNLEE RD SW,406,,I,33.746,-84.49751
LARCENY-FROM VEHICLE,170041243,1/4/17,565 GREENSFERRY AVE SW,101,The Villages at Castleberry H,T,33.74651,-84.40675
AUTO THEFT,170041284,1/4/17,820 SIDNEY MARCUS BLVD NE,211,Lindbergh/Morosgo,B,33.8257,-84.36113
LARCENY-FROM VEHICLE,170041286,1/4/17,907 BOWEN ST NW,207,Berkeley Park,D,33.79716,-84.4175
LARCENY-NON VEHICLE,170041365,1/4/17,48 BOOKER ST NW,105,Washington Park,K,33.7561,-84.42059
LARCENY-FROM VEHICLE,170041412,1/4/17,1218 W PACES FERRY RD NW,202,West Paces Ferry/Northside,A,33.84942,-84.42752
LARCENY-NON VEHICLE,170041413,1/4/17,385 LEGACY DR SW,104,Harris Chiles,T,33.74494,-84.41937
LARCENY-FROM VEHICLE,170041438,1/4/17,561 FORMWALT ST SW,303,Mechanicsville,V,33.73929,-84.39588
LARCENY-FROM VEHICLE,170041453,1/4/17,2345 MACON DR SW,310,Browns Mill Park,Z,33.68974,-84.39297
LARCENY-NON VEHICLE,170041459,1/4/17,121 BAKER ST NW,506,Downtown,M,33.7626,-84.39287
LARCENY-FROM VEHICLE,170041500,1/4/17,2852 CASCADE RD SW @CASCADE SPRINGS NATU,409,Cascade Heights,I,33.71955,-84.48012
LARCENY-FROM VEHICLE,170041522,1/4/17,1193 COLLIER RD NW,204,,C,33.81172,-84.4245
BURGLARY-RESIDENCE,170041535,1/4/17,400 FAIRBURN RD SW,407,Fairburn Mays,H,33.74366,-84.50936
LARCENY-NON VEHICLE,170041651,1/4/17,3393 PEACHTREE RD NE @LENOX MALL,210,Lenox,B,33.84676,-84.36212
LARCENY-FROM VEHICLE,170041688,1/4/17,500 PHARR RD NE,206,Buckhead Village,B,33.8371,-84.37185
LARCENY-NON VEHICLE,170041715,1/4/17,2841 GREENBRIAR PKWY SW @GREENBRIAR MALL,411,Greenbriar,R,33.68677,-84.49773
AGG ASSAULT,170041775,1/4/17,350 JOSEPH E LOWERY BLVD NW,106,Bankhead,K,33.76416,-84.41774
LARCENY-NON VEHICLE,170041780,1/4/17,3495 BUCKHEAD LOOP NE,208,North Buckhead,B,33.85209,-84.3645
LARCENY-NON VEHICLE,170041794,1/4/17,3334 PEACHTREE RD NE @ONE BUCKHEAD LOOP,208,North Buckhead,B,33.84911,-84.37075
LARCENY-FROM VEHICLE,170041817,1/4/17,505 FULTON ST SW,303,Mechanicsville,V,33.74108,-84.40427
LARCENY-FROM VEHICLE,170041922,1/4/17,3 JOSEPH E LOWERY BLVD SW ,102,Atlanta University Center,T,33.75472,-84.41755
LARCENY-NON VEHICLE,170041962,1/4/17,2539 PIEDMONT RD NE @TARGET - PIEDMONT,211,Lindbergh/Morosgo,B,33.82403,-84.36328
RAPE,170042257,1/4/17,1091 METROPOLITAN PKWY SW,301,Adair Park,V,33.7251,-84.40817
LARCENY-NON VEHICLE,170042270,1/4/17,1218 MILTON TER,305,Chosewood Park,Y,33.72125,-84.38107
BURGLARY-RESIDENCE,170042341,1/4/17,1155 LAVISTA RD NE,212,Lindridge/Martin Manor,F,33.81806,-84.35082
LARCENY-FROM VEHICLE,170042358,1/4/17,3040 HEADLAND DR SW,411,Greenbriar,R,33.68948,-84.48818
LARCENY-NON VEHICLE,170042366,1/4/17,512 CALHOUN ST NW,501,Home Park,E,33.78275,-84.40391
LARCENY-NON VEHICLE,170042506,1/4/17,675 PONCE DE LEON AVE NE @PONCE CITY MARKET,603,Old Fourth Ward,M,33.77299,-84.36504
LARCENY-FROM VEHICLE,170042548,1/4/17,164 PEACHTREE CENTER AVE NE,510,Downtown,M,33.75895,-84.38618
ROBBERY-PEDESTRIAN,170042565,1/4/17,100 CLAIRE DR,307,Lakewood Heights,Y,33.70509,-84.38489
LARCENY-FROM VEHICLE,170042619,1/4/17,10 KROG ST NE,602,Inman Park,N,33.75442,-84.3642
BURGLARY-RESIDENCE,170042627,1/4/17,740 PASLEY AVE SE,612,East Atlanta,W,33.73407,-84.33723
LARCENY-FROM VEHICLE,170042660,1/4/17,3334 PEACHTREE RD NE @ONE BUCKHEAD LOOP,208,North Buckhead,B,33.84911,-84.37075
AUTO THEFT,170042667,1/4/17,850 OAK ST SW @WEST END MALL;,401,West End,T,33.74057,-84.4168
ROBBERY-PEDESTRIAN,170042676,1/4/17,3901 CAMPBELLTON RD SW,412,Kings Forest,P,33.69231,-84.51621
AGG ASSAULT,170042760,1/4/17,3906 ROSWELL RD NE @CF,209,East Chastain Park,B,33.86179,-84.38127
AUTO THEFT,170042763,1/4/17,898 OAK ST SW,401,West End,T,33.74057,-84.41738
BURGLARY-RESIDENCE,170042766,1/4/17,400 CENTRAL PARK PL NE,603,Old Fourth Ward,M,33.76522,-84.37805
LARCENY-NON VEHICLE,170042929,1/4/17,3393 PEACHTREE RD NE @LENOX MALL,210,Lenox,B,33.84676,-84.36212
BURGLARY-RESIDENCE,170042930,1/4/17,2915 LINKS DR SE,611,The Villages at East Lake,O,33.74462,-84.31162
BURGLARY-RESIDENCE,170042949,1/4/17,1616 PIEDMONT AVE NE,213,Piedmont Heights,F,33.79848,-84.36825
LARCENY-FROM VEHICLE,170042990,1/4/17,100 CENTENNIAL OLYMPIC P DR NW @PHILLIPS ARENA,507,Downtown,M,33.75733,-84.39635
LARCENY-FROM VEHICLE,170042991,1/4/17,1710 DEFOOR AVE,204,Underwood Hills,D,33.8014,-84.42002
LARCENY-FROM VEHICLE,170042992,1/4/17,602 N HIGHLAND AVE NE @MANUELS,602,Poncey-Highland,N,33.77082,-84.35274
LARCENY-FROM VEHICLE,170042994,1/4/17,901 BERNINA AVE NE,602,Inman Park,N,33.76395,-84.35808
BURGLARY-RESIDENCE,170043010,1/4/17,1616 PIEDMONT AVE NE ,213,Piedmont Heights,F,33.79848,-84.36825
LARCENY-FROM VEHICLE,170043034,1/4/17,880 ERIN AVE SW,301,Capitol View,X,33.7193,-84.41688
BURGLARY-RESIDENCE,170043070,1/4/17,501 BURROUGHS ST SE,305,Chosewood Park,Y,33.71733,-84.37148
BURGLARY-RESIDENCE,170043092,1/4/17,2323 PIEDMONT ROAD,211,Lindbergh/Morosgo,B,33.81869,-84.36622
LARCENY-NON VEHICLE,170030970,1/3/17,2045 PEACHTREE RD NE,207,,E,33.81018,-84.39269
AUTO THEFT,170031001,1/3/17,2393 METROPOLITAN PARKWAY SW,309,Perkerson,X,33.68942,-84.4091
LARCENY-NON VEHICLE,170031111,1/3/17,835 MARTIN L KING JR DR NW,102,Vine City,L,33.75504,-84.41457
BURGLARY-RESIDENCE,170031129,1/3/17,445 MARKHAM ST SW,507,Castleberry Hill,M,33.75274,-84.40069
LARCENY-FROM VEHICLE,170031190,1/3/17,185 SOUTHSIDE INDUSTRIAL PKWY SE,313,Blair Villa/Poole Creek,Z,33.65077,-84.38283
LARCENY-FROM VEHICLE,170031208,1/3/17,704 ALINE DR NW,112,Collier Heights,I,33.7745,-84.48942
AUTO THEFT,170031232,1/3/17,2331 BOLTON RD NW,203,Bolton,D,33.81909,-84.46179
LARCENY-NON VEHICLE,170031253,1/3/17,60 ANDREW YOUNG INTERNA BLVD NE,509,Downtown,M,33.75991,-84.38522
LARCENY-NON VEHICLE,170031285,1/3/17,1544 PIEDMONT AVE NE @PUBLIX - ANSLEY,213,Piedmont Heights,F,33.79789,-84.37101
BURGLARY-RESIDENCE,170031289,1/3/17,144 MORELAND AVE NE,606,Reynoldstown,N,33.75736,-84.3496
LARCENY-NON VEHICLE,170031406,1/3/17,1801 HOWELL MILL RD NW,204,Berkeley Park,D,33.80388,-84.41278
LARCENY-NON VEHICLE,170031412,1/3/17,2685 METROPOLITAN PARKWAY SW,309,Perkerson,X,33.68274,-84.40902
LARCENY-NON VEHICLE,170031448,1/3/17,1065 PEACHTREE ST NE,503,Midtown,E,33.78363,-84.38295
LARCENY-FROM VEHICLE,170031574,1/3/17,1178 GUN CLUB RD NW,110,Almond Park,G,33.78685,-84.45764
LARCENY-FROM VEHICLE,170031637,1/3/17,274 FAIRBURN RD NW,111,Adamsville,H,33.76317,-84.50296
BURGLARY-RESIDENCE,170031700,1/3/17,520 FULTON ST SW,303,Mechanicsville,V,33.74092,-84.40419
AUTO THEFT,170031742,1/3/17,2115 PIEDMONT RD NE @SQUIRE INN MOTEL NE,212,Morningside/Lenox Park,F,33.81235,-84.36578
LARCENY-FROM VEHICLE,170031744,1/3/17,1888 WESTWOOD AVE SW,404,Westwood Terrace,I,33.73853,-84.44958
BURGLARY-NONRES,170031763,1/3/17,637 CHEROKEE AVE SE,605,Grant Park,W,33.73713,-84.37391
LARCENY-NON VEHICLE,170031790,1/3/17,2525 PIEDMONT RD NE @HOME DEPOT,211,Lindbergh/Morosgo,B,33.8245,-84.366
LARCENY-FROM VEHICLE,170031792,1/3/17,3030 HEADLAND DR SW,411,Greenbriar,R,33.68841,-84.48742
LARCENY-NON VEHICLE,170031836,1/3/17,2517 DONALD LEE HOLLOWELL PKWY NW,109,Center Hill,J,33.77605,-84.46824
LARCENY-FROM VEHICLE,170031860,1/3/17,2085 VERBENA ST NW,108,Penelope Neighbors,J,33.75474,-84.45497
LARCENY-NON VEHICLE,170031912,1/3/17,1275 CAROLINE ST NE @TARGET - CAROLINE,609,Edgewood,O,33.75674,-84.34619
LARCENY-FROM VEHICLE,170031951,1/3/17,1001 PIEDMONT AVE NE ,502,Midtown,E,33.78202,-84.38022
LARCENY-NON VEHICLE,170032036,1/3/17,2259 SISK ST NW,109,Almond Park,G,33.78088,-84.46199
LARCENY-NON VEHICLE,170032061,1/3/17,1217 CAROLINE ST NE,609,Edgewood,O,33.75786,-84.34875
LARCENY-FROM VEHICLE,170032081,1/3/17,80 JESSE HILL JR DR SE @GRADY,510,Downtown,M,33.75168,-84.38198
LARCENY-NON VEHICLE,170032090,1/3/17,3035 PEACHTREE RD NE,206,Buckhead Village,B,33.83805,-84.38085
LARCENY-FROM VEHICLE,170032091,1/3/17,100 CENTENNIAL OLYMPIC P DR NW @PHILLIPS ARENA,507,Downtown,M,33.75733,-84.39635
LARCENY-FROM VEHICLE,170032104,1/3/17,642 RANKIN ST NE,603,Old Fourth Ward,M,33.76729,-84.3665
ROBBERY-COMMERCIAL,170032142,1/3/17,69 PEACHTREE ST SW,511,Downtown,M,33.75278,-84.39171
LARCENY-NON VEHICLE,170032160,1/3/17,2539 PIEDMONT RD NE @TARGET - PIEDMONT,211,Lindbergh/Morosgo,B,33.82403,-84.36328
AUTO THEFT,170032302,1/3/17,1141 GILBERT ST SE,607,Woodland Hills,W,33.72341,-84.35092
ROBBERY-PEDESTRIAN,170032314,1/3/17,992 PEACHTREE ST NE,503,Midtown,E,33.78192,-84.3841
LARCENY-FROM VEHICLE,170032326,1/3/17,2291 DANIEL RD SW,413,Fairburn,P,33.6921,-84.51854
LARCENY-NON VEHICLE,170032477,1/3/17,675 PONCE DE LEON AVE NE @PONCE CITY MARKET,603,Old Fourth Ward,M,33.77296,-84.36504
LARCENY-FROM VEHICLE,170032525,1/3/17,187 WHITEFOORD AVE NE,609,Edgewood,O,33.75874,-84.34163
BURGLARY-RESIDENCE,170032552,1/3/17,863 KIRKWOOD AVE SE,606,Reynoldstown,N,33.75006,-84.35901
AUTO THEFT,170032584,1/3/17,296 NORTHSIDE DR NW,507,Downtown,M,33.76247,-84.40261
AUTO THEFT,170032607,1/3/17,1585 MORELAND AVE SE,607,Custer/McDonough/Guice,W,33.71113,-84.35017
AGG ASSAULT,170032638,1/3/17,479 NORTHSIDE DR NW,103,English Avenue,L,33.76756,-84.40431
LARCENY-FROM VEHICLE,170032720,1/3/17,737 RALPH MCGILL BLVD NE,603,Old Fourth Ward,M,33.76606,-84.36302
AGG ASSAULT,170032770,1/3/17,1923 BAKER RD NW,107,Grove Park,J,33.77122,-84.44986
LARCENY-NON VEHICLE,170032777,1/3/17,3500 PEACHTREE RD NE @PHIPPS PLAZA,208,North Buckhead,B,33.85302,-84.36278
LARCENY-FROM VEHICLE,170032789,1/3/17,180 CARROLL ST SE,606,Cabbagetown,N,33.74962,-84.36791
LARCENY-FROM VEHICLE,170032840,1/3/17,1245 GLENWOOD AVE SE,612,East Atlanta,W,33.74006,-84.3466
AUTO THEFT,170032848,1/3/17,356 MORELAND AVE SE,612,East Atlanta,W,33.74358,-84.34901
BURGLARY-RESIDENCE,170032870,1/3/17,2232 DUNSEATH AVE NW  ,203,Bolton,D,33.81667,-84.4492
AUTO THEFT,170032880,1/3/17,1398 ELAINE AVE,203,Blandtown,D,33.79074,-84.42913
LARCENY-FROM VEHICLE,170032881,1/3/17,377 10TH ST NE ,503,Midtown,E,33.78168,-84.37515
LARCENY-FROM VEHICLE,170032926,1/3/17,870 PIEDMONT AVE NE,505,Midtown,E,33.77815,-84.38134
LARCENY-FROM VEHICLE,170032988,1/3/17,3000 CONTINENTAL COLONY PKWY SW,411,Greenbriar,R,33.68077,-84.4937
LARCENY-FROM VEHICLE,170033022,1/3/17,825 MCDANIEL ST SW,302,Pittsburgh,V,33.73238,-84.40214
LARCENY-FROM VEHICLE,170033064,1/3/17,50 8TH STREET,503,Midtown,E,33.77954,-84.38569
LARCENY-FROM VEHICLE,170033076,1/3/17,504 FAIR ST ,507,Castleberry Hill,M,33.74848,-84.40423
LARCENY-FROM VEHICLE,170033077,1/3/17,2841 GREENBRIAR PKWY SW @GREENBRIAR MALL,411,Greenbriar,R,33.68593,-84.49685
LARCENY-NON VEHICLE,170033089,1/3/17,87 WALTON ST NW,508,Downtown,M,33.75689,-84.39112
RAPE,170033158,1/3/17,6000 NORTH TERMINAL PKWY,706,Downtown,M,33.74816,-84.39459
AUTO THEFT,170033203,1/3/17,2834 HAPEVILLE RD SW,312,Glenrose Heights,Z,33.67658,-84.39331
BURGLARY-RESIDENCE,170030062,1/3/17,3725 PRINCETON LAKES PKWY SW,414,Princeton Lakes,P,33.65777,-84.50877
AUTO THEFT,170030092,1/3/17,2052 RUTH ST NW,110,Grove Park,J,33.78558,-84.45454
ROBBERY-RESIDENCE,170030203,1/3/17,587 ERIN AVE SW,301,Capitol View Manor,X,33.71947,-84.40682
BURGLARY-NONRES,170030217,1/3/17,174 PEACHTREE HILLS AVE NE,211,Peachtree Hills,B,33.81797,-84.38155
BURGLARY-NONRES,170030445,1/3/17,1709 HOWELL MILL RD NW,204,Berkeley Park,D,33.80089,-84.41528
AUTO THEFT,170030483,1/3/17,1524 PINEVIEW TER SW,403,Cascade Avenue/Road,S,33.72825,-84.43788
LARCENY-FROM VEHICLE,170030487,1/3/17,1132 VALLEY VIEW RD SE,308,Leila Valley,Z,33.69143,-84.35149
LARCENY-FROM VEHICLE,170030536,1/3/17,1016 REDBUD LN SW,406,Green Acres Valley,I,33.72826,-84.50082
AUTO THEFT,170030600,1/3/17,2525 PIEDMONT RD NE,211,Lindbergh/Morosgo,B,33.824,-84.36521
BURGLARY-NONRES,170030614,1/3/17,2980 PIEDMONT RD NE,206,Garden Hills,B,33.83597,-84.36893
AUTO THEFT,170030617,1/3/17,3319 TIARA CIR SW,409,Southwest,R,33.70219,-84.49606
LARCENY-FROM VEHICLE,170030632,1/3/17,240 AMAL DR SW,307,Betmar LaVilla,Y,33.70616,-84.3953
BURGLARY-NONRES,170030646,1/3/17,1402 N HIGHLAND AVE NE,213,Morningside/Lenox Park,F,33.79282,-84.35257
AUTO THEFT,170030664,1/3/17,890 WARNER ST SW,301,Oakland City,S,33.72412,-84.4174
BURGLARY-NONRES,170030684,1/3/17,3312 PIEDMONT RD NE,208,Buckhead Forest,B,33.84477,-84.37258
LARCENY-FROM VEHICLE,170030698,1/3/17,48 12TH ST NE,503,Midtown,E,33.78465,-84.38588
BURGLARY-RESIDENCE,170030789,1/3/17,877 CUSTER AVE SE,607,Custer/McDonough/Guice,W,33.71683,-84.36035
ROBBERY-COMMERCIAL,170030907,1/3/17,1230 PEACHTREE ST NE,502,Midtown,E,33.788,-84.38637
AUTO THEFT,170030964,1/3/17,2798 PEEK RD NW,112,Collier Heights,I,33.77743,-84.47815
LARCENY-NON VEHICLE,170022169,1/3/17,2485 DONALD LEE HOLLOWELL PKWY NW,109,Center Hill,J,33.77609,-84.46692
BURGLARY-RESIDENCE,170022179,1/2/17,740 SIDNEY MARCUS BLVD NE,211,Lindbergh/Morosgo,B,33.82598,-84.36335
LARCENY-FROM VEHICLE,170022196,1/2/17,561 PRYOR ST SW,303,Mechanicsville,V,33.73925,-84.39467
AUTO THEFT,170011692,1/2/17,3380 PEACHTREE RD NE,208,North Buckhead,B,33.84969,-84.36617
LARCENY-NON VEHICLE,170020001,1/2/17,1091 EUCLID AVE NE,602,Inman Park,N,33.7636,-84.35097
AGG ASSAULT,170020018,1/2/17,1461 SYLVAN RD SW,306,Sylvan Hills,X,33.71495,-84.41863
LARCENY-FROM VEHICLE,170020044,1/2/17,3170 DONALD LEE HOLLOWELL PKWY NW,112,Collier Heights,I,33.78577,-84.49055
AGG ASSAULT,170020129,1/2/17,1051 PELHAM ST NW,106,Bankhead,K,33.77155,-84.42186
BURGLARY-RESIDENCE,170020179,1/2/17,352 ELVIRA ST SE,305,Chosewood Park,Y,33.71755,-84.37636
AGG ASSAULT,170020180,1/2/17,2657 LENOX RD NE,209,Pine Hills,B,33.82662,-84.35358
AUTO THEFT,170020190,1/2/17,1983 HOWELL MILL RD NW,205,Channing Valley,C,33.80884,-84.41276
ROBBERY-COMMERCIAL,170020223,1/2/17,1098 MORELAND AVE SE,607,East Atlanta,W,33.72471,-84.34932
LARCENY-NON VEHICLE,170020229,1/2/17,5 CLEVELAND AVE SE,312,Glenrose Heights,Z,33.68089,-84.38851
LARCENY-FROM VEHICLE,170020309,1/2/17,1058 HOWELL MILL RD NW,501,Home Park,E,33.78345,-84.4119
AUTO THEFT,170020330,1/2/17,246 MILLS ST NW,504,Downtown,M,33.76524,-84.39545
ROBBERY-RESIDENCE,170020331,1/2/17,2415 CAMELLIA LN NE,211,Lindbergh/Morosgo,B,33.82171,-84.37117
BURGLARY-NONRES,170020337,1/2/17,3393 PEACHTREE RD NE ,210,Lenox,B,33.84676,-84.36212
BURGLARY-RESIDENCE,170020339,1/2/17,3725 PRINCETON LAKES PKWY SW     ,414,Princeton Lakes,P,33.65777,-84.50877
LARCENY-FROM VEHICLE,170020387,1/2/17,867 VICTORIA PL SW,401,West End,T,33.73446,-84.41576
BURGLARY-RESIDENCE,170020518,1/2/17,610 AMAL DR SW,307,Amal Heights,Y,33.70934,-84.39776
AUTO THEFT,170020545,1/2/17,1272 MURPHY AVE SW,301,Capitol View,X,33.72028,-84.42282
BURGLARY-NONRES,170020547,1/2/17,50 LAKELAND DR NE,208,Buckhead Forest,B,33.85046,-84.38126
BURGLARY-RESIDENCE,170020599,1/2/17,741 MOROSGO DR NE,211,Lindbergh/Morosgo,B,33.82296,-84.36346
LARCENY-NON VEHICLE,170020619,1/2/17,1689 LAURELWOOD DR SW,409,Adams Park,R,33.70914,-84.46741
BURGLARY-RESIDENCE,170020629,1/2/17,507 BISHOP ST NW,207,Loring Heights,E,33.79231,-84.40486
LARCENY-FROM VEHICLE,170020642,1/2/17,1870 CAMPBELLTON RD SW,408,,R,33.70939,-84.44964
LARCENY-FROM VEHICLE,170020690,1/2/17,883 DILL AVE. SW,301,Capitol View,X,33.71856,-84.41709
AGG ASSAULT,170020760,1/2/17,477 PEACHTREE ST NE,509,Downtown,M,33.76764,-84.38524
BURGLARY-NONRES,170020766,1/2/17,3393 PEACHTREE RD NE,210,Lenox,B,33.84884,-84.36475
LARCENY-NON VEHICLE,170020787,1/2/17,2525 PIEDMONT RD NE @HOME DEPOT,211,Lindbergh/Morosgo,B,33.824,-84.36521
LARCENY-FROM VEHICLE,170020858,1/2/17,800 PONCE DE LEON PL NE,601,Virginia Highland,F,33.77635,-84.3638
ROBBERY-PEDESTRIAN,170020876,1/2/17,2745 OLD HAPEVILLE RD SW,312,Glenrose Heights,Z,33.67988,-84.39366
LARCENY-NON VEHICLE,170020957,1/2/17,2240 CASCADE RD SW,409,Adams Park,R,33.72226,-84.46181
LARCENY-FROM VEHICLE,170020966,1/2/17,1016 HOWELL MILL RD NW,501,Home Park,E,33.78183,-84.41244
LARCENY-FROM VEHICLE,170020995,1/2/17,178 MOURY AVE SW,305,The Villages at Carver,Y,33.71299,-84.3913
AUTO THEFT,170021004,1/2/17,919 GREENWOOD AVE NE,601,Virginia Highland,F,33.77661,-84.35725
AUTO THEFT,170021060,1/2/17,3 SURRY COUNTY PL NW,204,Westover Plantation,C,33.82276,-84.4407
BURGLARY-RESIDENCE,170021088,1/2/17,453 UTOY CIR SW,407,Ridgecrest Forest,H,33.7418,-84.5268
LARCENY-NON VEHICLE,170021114,1/2/17,402 SARGENT DR SE,310,Lakewood,Z,33.69071,-84.37602
BURGLARY-RESIDENCE,170021133,1/2/17,597 TARRAGON WAY SW,407,Wilson Mill Meadows,H,33.7503,-84.52186
LARCENY-FROM VEHICLE,170021138,1/2/17,1349 LENOX CIR NE,213,Morningside/Lenox Park,F,33.80903,-84.34935
LARCENY-FROM VEHICLE,170021147,1/2/17,1700 ZADIE ST NW,203,Hills Park,D,33.80249,-84.44437
AGG ASSAULT,170021166,1/2/17,477 PEACHTREE ST,509,Downtown,M,33.76764,-84.38524
BURGLARY-RESIDENCE,170021212,1/2/17,978 BRUCE CIR ,607,Custer/McDonough/Guice,W,33.71625,-84.35651
BURGLARY-RESIDENCE,170021227,1/2/17,385 LEGACY DR SW,104,Harris Chiles,T,33.74494,-84.41937
LARCENY-NON VEHICLE,170021254,1/2/17,1250 CAROLINE ST NE,609,Edgewood,O,33.75859,-84.34788
LARCENY-NON VEHICLE,170021275,1/2/17,1026 PONCE DE LEON AVE NE,601,Virginia Highland,F,33.77456,-84.35375
LARCENY-NON VEHICLE,170021278,1/2/17,2539 PIEDMONT RD NE ,211,Lindbergh/Morosgo,B,33.82403,-84.36328
LARCENY-FROM VEHICLE,170021297,1/2/17,422 WOODWARD AVE SE,605,Grant Park,W,33.74578,-84.37371
LARCENY-NON VEHICLE,170021307,1/2/17,265 PEACHTREE ST NE ,509,Downtown,M,33.76152,-84.38672
LARCENY-FROM VEHICLE,170021314,1/2/17,180 WALKER ST SW,507,Castleberry Hill,M,33.74964,-84.40132
LARCENY-FROM VEHICLE,170021323,1/2/17,1455 ELLSWORTH INDUSTRIAL BLVD NW,203,Blandtown,D,33.79579,-84.42575
LARCENY-NON VEHICLE,170021336,1/2/17,100 PIEDMONT AVE SE,511,Downtown,M,33.75096,-84.38534
LARCENY-FROM VEHICLE,170021383,1/2/17,1495 CHATTAHOOCHEE AVE NW,204,Underwood Hills,D,33.80887,-84.43622
LARCENY-NON VEHICLE,170021512,1/2/17,2539 PIEDMONT RD NE,211,Lindbergh/Morosgo,B,33.82403,-84.36328
LARCENY-NON VEHICLE,170021524,1/2/17,3535 PEACHTREE RD NE,210,Lenox,B,33.85272,-84.36021
LARCENY-NON VEHICLE,170021610,1/2/17,4380 GARMON RD NW,202,Mt. Paran/Northside,A,33.87503,-84.4274
AUTO THEFT,170021666,1/2/17,1960 NORTH AVE NW,107,Grove Park,J,33.76841,-84.4519
LARCENY-NON VEHICLE,170021671,1/2/17,2630 MARTIN L KING JR DR SW,405,Harland Terrace,I,33.75377,-84.47405
AGG ASSAULT,170021702,1/2/17,630 SMITH ST SW,303,Mechanicsville,V,33.73776,-84.40062
LARCENY-FROM VEHICLE,170021711,1/2/17,2345 CHESHIRE BRIDGE RD NE,212,Lindridge/Martin Manor,F,33.81906,-84.3513
LARCENY-NON VEHICLE,170021726,1/2/17,1801 HOWELL MILL RD NW,204,Berkeley Park,D,33.80388,-84.41278
BURGLARY-RESIDENCE,170021779,1/2/17,2000 MONROE PL NE,212,Piedmont Heights,F,33.8103,-84.37025
LARCENY-NON VEHICLE,170021780,1/2/17,1895 THOMASVILLE DR SE,308,Thomasville Heights,Z,33.70018,-84.35866
AUTO THEFT,170021786,1/2/17,1722 CAMPBELLTON RD SW,408,,R,33.71138,-84.44423
AUTO THEFT,170021871,1/2/17,255 BRIGHTON RD NE,207,Brookwood Hills,E,33.81088,-84.3857
LARCENY-FROM VEHICLE,170021938,1/2/17,2110 FAULKNER RD NE,212,Lindridge/Martin Manor,F,33.81209,-84.35869
LARCENY-FROM VEHICLE,170021965,1/2/17,415 ARMOUR DR NE,212,,F,33.81267,-84.37412
LARCENY-FROM VEHICLE,170021967,1/2/17,438 MORELAND AVE NE,602,Inman Park,N,33.76634,-84.34916
AUTO THEFT,170021969,1/2/17,667 CHURCH ST NW,109,Center Hill,J,33.77333,-84.4668
BURGLARY-RESIDENCE,170022047,1/2/17,2000 MONROE PL NE,212,Piedmont Heights,F,33.8103,-84.37025
AGG ASSAULT,170022128,1/2/17,89 MANGUM ST SW,507,Castleberry Hill,M,33.75198,-84.40045
HOMICIDE,1.7002E+11,1/2/17,96 BROAD ST SW,512,Downtown,M,33.75182,-84.3928
LARCENY-FROM VEHICLE,163090763,1/2/17,1690 MELROSE PLACE SW,306,Sylvan Hills,X,33.70894,-84.42093
LARCENY-FROM VEHICLE,163522791,1/2/17,689 FORMWALT ST SW,303,Mechanicsville,V,33.73699,-84.39438
LARCENY-NON VEHICLE,170011735,1/1/17,3500 PEACHTREE RD NE,208,North Buckhead,B,33.85302,-84.36278
AUTO THEFT,170011747,1/1/17,43 JESSE HILL JR DR,510,Downtown,M,33.75582,-84.38013
LARCENY-FROM VEHICLE,170011751,1/1/17,150 CARNEGIE WAY NW,508,Downtown,M,33.75832,-84.38905
LARCENY-FROM VEHICLE,170011863,1/1/17,319 SKIPPER PL NW,112,Collier Heights,I,33.78133,-84.4911
LARCENY-NON VEHICLE,170011877,1/1/17,550 LINDSEY ST NW,103,English Avenue,L,33.76968,-84.41659
RAPE,170011922,1/1/17,3604 BAKERS FERRY RD SW,407,Adamsville,H,33.75894,-84.50586
AUTO THEFT,170011995,1/1/17,448 RALPH D ABERNATHY BLVD SW,303,Mechanicsville,V,33.73642,-84.40248
LARCENY-FROM VEHICLE,170012028,1/1/17,612 FOUNDRY ST NW,102,Vine City,L,33.75916,-84.40771
BURGLARY-NONRES,170012066,1/1/17,730 CLEVELAND AVE SW,311,Hammond Park,X,33.68097,-84.41268
BURGLARY-RESIDENCE,170012135,1/1/17,2500 CENTER ST NW,113,Carey Park,G,33.78999,-84.47156
LARCENY-FROM VEHICLE,170012145,1/1/17,3655 ROSWELL RD NE,209,North Buckhead,B,33.85547,-84.38135
LARCENY-FROM VEHICLE,170012182,1/1/17,1176 CHATTAHOOCHEE AVE NW,203,Blandtown,D,33.80058,-84.42561
AUTO THEFT,170012193,1/1/17,1728 CAMPBELLTON RD SW,408,,R,33.711,-84.44453
LARCENY-NON VEHICLE,170012234,1/1/17,590 CASCADE AVE SW,402,West End,T,33.73812,-84.43276
LARCENY-FROM VEHICLE,170012261,1/1/17,3755 CARMIA DR SW,414,Princeton Lakes,P,33.65571,-84.50908
BURGLARY-RESIDENCE,170012306,1/1/17,1094 DECKNER AVE SW,306,Sylvan Hills,X,33.71374,-84.42393
ROBBERY-PEDESTRIAN,170012317,1/1/17,1981 FLAT SHOALS RD SE,612,East Atlanta,W,33.72602,-84.32324
AUTO THEFT,170012332,1/1/17,BECKWITH CT SW / MITCHELL ST SW,101,Atlanta University Center,T,33.75389,-84.40445
ROBBERY-PEDESTRIAN,170010040,1/1/17,1192 PRYOR,304,Pittsburgh,V,33.72164,-84.39375
LARCENY-FROM VEHICLE,170010079,1/1/17,3580 CAMPBELLTON RD SW,413,,P,33.6899,-84.50584
AUTO THEFT,170010192,1/1/17,2002 REYNOLDS DR SW,307,Lakewood Heights,Y,33.69983,-84.39973
LARCENY-FROM VEHICLE,170010193,1/1/17,840 ATWOOD ST SW,402,Oakland City,S,33.73214,-84.42916
BURGLARY-RESIDENCE,170010206,1/1/17,2778 DALE CREEK DR NW,112,Collier Heights,I,33.76523,-84.47839
LARCENY-FROM VEHICLE,170010232,1/1/17,300 MARTIN L KING JR DR SE,605,Oakland,W,33.74803,-84.37875
LARCENY-FROM VEHICLE,170010294,1/1/17,425 MARKHAM ST,507,Downtown,M,33.74875,-84.39475
BURGLARY-RESIDENCE,170010325,1/1/17,3432 PIEDMONT RD NE,208,Buckhead Forest,B,33.84898,-84.37567
BURGLARY-RESIDENCE,170010423,1/1/17,200 CLIFTON ST SE,610,Kirkwood,O,33.74782,-84.33158
AGG ASSAULT,170010481,1/1/17,375 LUCKIE ST NW,504,Downtown,M,33.76495,-84.39684
AGG ASSAULT,170010499,1/1/17,2711 MARCO DR NW,113,Lincoln Homes,G,33.80047,-84.47659
BURGLARY-RESIDENCE,170010567,1/1/17,565 GREENSFERRY AVE SW,101,The Villages at Castleberry H,T,33.74651,-84.40675
BURGLARY-NONRES,170010583,1/1/17,3030 HEADLAND DR SW,411,Greenbriar,R,33.68841,-84.48742
LARCENY-FROM VEHICLE,170010593,1/1/17,2640 METROPOLITAN PKWY SW,309,Perkerson,X,33.68263,-84.40744
ROBBERY-PEDESTRIAN,170010600,1/1/17,1899 CHESHIRE BRIDGE RD NE,212,Morningside/Lenox Park,F,33.80966,-84.36085
AUTO THEFT,170010618,1/1/17,1710 DEFOOR AVE NW,204,Underwood Hills,D,33.8014,-84.42002
LARCENY-FROM VEHICLE,170010712,1/1/17,1888 CHESHIRE BRIDGE RD NE,212,Morningside/Lenox Park,F,33.81038,-84.36122
AGG ASSAULT,170010754,1/1/17,666 HAMILTON E HOLMES DR NW,112,Collier Heights,I,33.77319,-84.47382
BURGLARY-RESIDENCE,170010774,1/1/17,308 WOODWARD AVE SE,605,Grant Park,W,33.74579,-84.37751
BURGLARY-RESIDENCE,170010859,1/1/17,880 ROCK ST NW,102,Vine City,L,33.76213,-84.41648
AGG ASSAULT,170010864,1/1/17,455 FULTON ST SW,303,Mechanicsville,V,33.74173,-84.40283
LARCENY-FROM VEHICLE,170010894,1/1/17,3050 MARTIN L KING JR DR SW,405,Harland Terrace,I,33.75177,-84.4857
AUTO THEFT,170010916,1/1/17,2055 MOUNT PARAN RD NW,201,Paces,A,33.86297,-84.44174
AGG ASSAULT,170010934,1/1/17,85 BROAD ST.,512,Downtown,M,33.75387,-84.39261
LARCENY-NON VEHICLE,170010949,1/1/17,265 PEACHTREE ST NE,509,Downtown,M,33.7617,-84.38744
ROBBERY-PEDESTRIAN,170010953,1/1/17,400 GARTRELL ST SE,604,Sweet Auburn,M,33.75296,-84.37407
RAPE,170010999,1/1/17,1212 JAMES JACKSON PKWY NW,113,Monroe Heights,G,33.78993,-84.47643
LARCENY-FROM VEHICLE,170011007,1/1/17,3405 LENOX RD NE ,210,Lenox,B,33.848,-84.35947
LARCENY-FROM VEHICLE,170011015,1/1/17,1548 MARBUT AVE SE,612,East Atlanta,W,33.7434,-84.33704
ROBBERY-COMMERCIAL,170011030,1/1/17,1801 HOWELL MILL RD NW,204,Berkeley Park,D,33.80388,-84.41278
ROBBERY-PEDESTRIAN,170011037,1/1/17,1715 HOWELL MILL RD NW @KROGER - HOWELL MILL,204,Berkeley Park,D,33.80181,-84.41267
LARCENY-FROM VEHICLE,170011070,1/1/17,369 MCDANIEL ST SW,101,The Villages at Castleberry H,T,33.74505,-84.40523
AUTO THEFT,170011072,1/1/17,100 PIEDMONT AVE SE,511,Downtown,M,33.75096,-84.38534
LARCENY-FROM VEHICLE,170011129,1/1/17,374 E PACES FERRY RD NE,206,Buckhead Village,B,33.83888,-84.37533
AUTO THEFT,170011138,1/1/17,779 MAGNOLIA WAY NW,102,Vine City,L,33.75822,-84.41371
LARCENY-FROM VEHICLE,170011171,1/1/17,698 8TH ST NW,504,Marietta Street Artery,E,33.77957,-84.4105
AUTO THEFT,170011180,1/1/17,3011 CAMPBELLTON RD SW,409,Southwest,R,33.69638,-84.48726
BURGLARY-RESIDENCE,170011182,1/1/17,1829 CAMPBELLTON RD SW,408,Venetian Hills,S,33.71,-84.44863
LARCENY-NON VEHICLE,170011193,1/1/17,477 PEACHTREE ST NE,509,Downtown,M,33.76929,-84.38554
LARCENY-NON VEHICLE,170011232,1/1/17,190 MARIETTA ST NW,507,Downtown,M,33.75857,-84.39422
LARCENY-FROM VEHICLE,170011255,1/1/17,1981 FLAT SHOALS RD SE,612,East Atlanta,W,33.72602,-84.32324
AUTO THEFT,170011300,1/1/17,3342 PEACHTREE RD NE,208,North Buckhead,B,33.84746,-84.36983
LARCENY-NON VEHICLE,170011304,1/1/17,3771 ROSWELL RD NE ,209,North Buckhead,B,33.8575,-84.38159
AUTO THEFT,170011316,1/1/17,2000 SANDBROOK CT SW,412,Sandlewood Estates,P,33.70136,-84.54439
LARCENY-NON VEHICLE,170011324,1/1/17,933 PEACHTREE ST NE,503,Midtown,E,33.78019,-84.38404
BURGLARY-NONRES,170011336,1/1/17,2797 CAMPBELLTON RD SW,409,Southwest,R,33.70046,-84.48046
AUTO THEFT,170011344,1/1/17,3210 HAZELWOOD DR SW,406,Magnum Manor,I,33.72723,-84.49334
LARCENY-FROM VEHICLE,170011358,1/1/17,855 PEACHTREE ST NE,505,Midtown,E,33.778,-84.38424
LARCENY-FROM VEHICLE,170011435,1/1/17,790 MARIETTA ST NW,504,Marietta Street Artery,E,33.77425,-84.40612
LARCENY-FROM VEHICLE,170011504,1/1/17,1069 Washita Ave NE,602,Inman Park,N,33.76341,-84.35289
LARCENY-NON VEHICLE,170011513,1/1/17,3440 PEACHTREE RD NE,208,North Buckhead,B,33.85166,-84.36235
LARCENY-FROM VEHICLE,170011525,1/1/17,633 PRYOR ST SW,303,Mechanicsville,V,33.7376,-84.39486
LARCENY-FROM VEHICLE,170011531,1/1/17,2161 COLLEGE AVE NE,610,Kirkwood,O,33.76408,-84.31645
LARCENY-NON VEHICLE,170011548,1/1/17,22 HIGHLAND DR NE,211,Peachtree Park,B,33.84482,-84.36772
LARCENY-NON VEHICLE,170011621,1/1/17,3804 MARTIN LUTHER KING DR,114,Old Gordon,H,33.76797,-84.51322
LARCENY-FROM VEHICLE,170011645,1/1/17,908 WELCH ST SW,302,Pittsburgh,V,33.73026,-84.40465
LARCENY-NON VEHICLE,170011678,1/1/17,2020 HOWELL MILL RD NW @PUBLIX - HOWELL,205,Wildwood (NPU-C),C,33.81022,-84.41347
BURGLARY-RESIDENCE,170011682,1/1/17,2591 ETHERIDGE DR NW,113,Carey Park,G,33.7881,-84.47292